URN,LA (name),LA (code),EstablishmentNumber,EstablishmentName,TypeOfEstablishment (name),EstablishmentStatus (name),OpenDate,CloseDate,PhaseOfEducation (name),StatutoryLowAge,StatutoryHighAge,Boarders (name),NurseryProvision (name),OfficialSixthForm (name),Gender (name),ReligiousCharacter (name),ReligiousEthos (name),Diocese (name),AdmissionsPolicy (name),TrustSchoolFlag (name),Trusts (name),SchoolSponsorFlag (name),SchoolSponsors (name),FederationFlag (name),Federations (name),UKPRN,FurtherEducationType (name),Street,Locality,Address3,Town,County (name),Postcode,SchoolWebsite,TelephoneNum,HeadTitle (name),HeadFirstName,HeadLastName,Rand
137366,Cornwall,908,2742,Wadebridge Primary Academy,Academy converter,Open,01/09/2011,,Primary,3,11,No boarders,Has Nursery Classes,Not applicable,Mixed,Does not apply,Does not apply,Not applicable,Not applicable,Supported by a multi-academy trust,Bridge Multi-Academy Trust,-,,Not applicable,,10035090,Not applicable,Gonvena Hill,,,Wadebridge,Cornwall,PL27 6BL,www.wadebridgeprimary.co.uk,1208814560,,Adrian,Massey,13
140098,Hampshire,850,3365,Milford-on-Sea Church of England Primary School,Academy converter,Open,01/09/2013,,Primary,4,11,No boarders,No Nursery Classes,Does not have a sixth form,Mixed,Church of England,Does not apply,Diocese of Winchester,Not applicable,Supported by a single-academy trust,Bridge Multi-Academy Trust,-,,Not applicable,,10042659,Not applicable,Lymington Road,Milford-on-Sea,,Lymington,Hampshire,SO41 0RF,http://www.mosps.co.uk,1590642945,Mr,Ben,Willis,62
141871,Kent,886,2060,Beaver Green Primary School,Academy sponsor led,Open,01/04/2015,,Primary,3,11,No boarders,Has Nursery Classes,Does not have a sixth form,Mixed,Does not apply,None,Not applicable,Not applicable,Supported by a multi-academy trust,Bridge Multi-Academy Trust,Linked to a sponsor,Swale Academies Trust,Not applicable,,10049033,Not applicable,Cuckoo Lane,,,Ashford,Kent,TN23 5DA,www.beaver-green.kent.sch.uk,1233621989,Mrs,Catherine,Hylands,50
139610,Walsall,335,3805,Edgar Stammers Primary Academy,Academy converter,Open,01/07/2013,,Primary,3,11,No boarders,Has Nursery Classes,Does not have a sixth form,Mixed,Does not apply,Does not apply,Not applicable,Not applicable,Supported by a multi-academy trust,Bridge Multi-Academy Trust,-,,Not applicable,,10042174,Not applicable,Harden Road,Coalpool,,Walsall,West Midlands,WS3 1RQ,www.edgarstammers.walsall.sch.uk/,1922471390,Mrs,T,Bunn,77
138362,Darlington,841,2656,Gurney Pease Academy,Academy converter,Open,01/07/2012,,Primary,3,11,No boarders,Has Nursery Classes,Does not have a sixth form,Mixed,Does not apply,Does not apply,Not applicable,Not applicable,Supported by a multi-academy trust,Bridge Multi-Academy Trust,-,,Not applicable,,10037788,Not applicable,Dodsworth Street,,,Darlington,County Durham,DL1 2NG,www.educationvillage.org.uk/,1325380790,,Mike,Butler,60
141765,Essex,881,7045,Castledon School,Academy special converter,Open,01/03/2015,,Not applicable,5,19,No boarders,No Nursery Classes,Has a sixth form,Mixed,Does not apply,None,Not applicable,Not applicable,Supported by a single-academy trust,Bridge Multi-Academy Trust,-,,Not applicable,,10048921,Not applicable,Bromfords Drive,,,Wickford,Essex,SS12 0PW,http://www.castledon.essex.sch.uk,1268761252,Mrs,Philippa,Holliday,99
143322,Sandwell,333,3407,Summerhill Primary Academy,Academy converter,Open,01/12/2017,,Primary,3,11,No boarders,Has Nursery Classes,Does not have a sixth form,Mixed,Does not apply,Does not apply,Not applicable,Not applicable,Supported by a multi-academy trust,Bridge Multi-Academy Trust,-,,Not applicable,,10057732,Not applicable,Upper Church Lane,,,Tipton,West Midlands,DY4 9PF,www.summerhill.sandwell.sch.uk/,1215573282,Ms,Kerry,Rochester,76
136560,Central Bedfordshire,823,4117,Woodland Middle School Academy,Academy converter,Open,01/04/2011,,Middle deemed secondary,9,13,No boarders,Not applicable,Does not have a sixth form,Mixed,Does not apply,Does not apply,Not applicable,Non-selective,Supported by a single-academy trust,Bridge Multi-Academy Trust,-,,Not applicable,,10033273,Not applicable,Malham Close,Flitwick,,Bedford,Bedfordshire,MK45 1NP,http://www.woodlandacademy.co.uk/,1525750400,Mr,Jeff,Conquest,9
143249,Leicestershire,855,2088,Seagrave Village Primary School,Academy converter,Open,01/09/2016,,Primary,4,11,No boarders,No Nursery Classes,Does not have a sixth form,Mixed,Does not apply,Does not apply,Not applicable,Not applicable,Supported by a multi-academy trust,Bridge Multi-Academy Trust,-,,Not applicable,,10057813,Not applicable,Green Lane,Seagrave,,Loughborough,Leicestershire,LE12 7LU,www.seagravevillageprimaryschool.co.uk/,1509812486,Mrs,Maxine,Chafer,7
140788,Newcastle upon Tyne,391,2890,Thomas Walling Primary Academy,Academy converter,Open,01/04/2014,,Primary,2,11,No boarders,Has Nursery Classes,Does not have a sixth form,Mixed,Does not apply,Does not apply,Not applicable,Not applicable,Supported by a multi-academy trust,Bridge Multi-Academy Trust,Linked to a sponsor,The Laidlaw Schools Trust,Not applicable,,10045608,Not applicable,Lindfield Avenue,Blakelaw,,Newcastle-upon-Tyne,Tyne and Wear,NE5 3PL,www.thomaswallingacademy.com,1912860333,Mrs,Liz,Greensides,98
141628,Kent,886,4633,Ursuline College,Academy converter,Open,01/01/2015,,Secondary,11,18,Not applicable,Not applicable,Has a sixth form,Mixed,Roman Catholic,Does not apply,Archdiocese of Southwark,Comprehensive (secondary),Supported by a multi-academy trust,Bridge Multi-Academy Trust,Linked to a sponsor,Kent Catholic Schools' Partnership,Not applicable,,10048333,Not applicable,225 Canterbury Road,,,Westgate-on-Sea,Kent,CT8 8LX,http://www.ursuline.kent.sch.uk/,1843834431,Mr,Stephen,Adamson,32
141325,Dudley,332,4000,The Crestwood School,Academy sponsor led,Open,01/03/2015,,Secondary,11,16,No boarders,No Nursery Classes,Does not have a sixth form,Mixed,Does not apply,None,Not applicable,Comprehensive (secondary),Supported by a multi-academy trust,Bridge Multi-Academy Trust,Linked to a sponsor,Invictus Education Trust,Not applicable,,10047444,Not applicable,Bromley Lane,Kingswinford,,Dudley,West Midlands,DY6 8QG,http://www.crestwoodschool.co.uk,1384686850,,Tony,Bowles,54
135971,Solihull,334,6906,Park Hall Academy,Academy sponsor led,Open,01/09/2009,,Secondary,11,18,No boarders,Not applicable,Has a sixth form,Mixed,Does not apply,None,Not applicable,Comprehensive (secondary),Supported by a multi-academy trust,Bridge Multi-Academy Trust,Linked to a sponsor,Arden Multi Academy Trust,Not applicable,,10027835,Not applicable,Water Orton Road,Castle Bromwich,,Birmingham,West Midlands,B36 9HF,http://www.parkhallschool.org.uk/,1217480400,Mr,Damian,Burgess,74
144273,Newcastle upon Tyne,391,2880,Walkergate Community School,Academy converter,Open,01/04/2017,,Primary,2,11,No boarders,Has Nursery Classes,Does not have a sixth form,Mixed,Does not apply,Does not apply,Not applicable,Not applicable,Supported by a multi-academy trust,Bridge Multi-Academy Trust,-,,Not applicable,,10063501,Not applicable,Sutton Street,Walkergate,,Newcastle-upon-Tyne,Tyne and Wear,NE6 4SD,www.walkergate.newcastle.sch.uk,1912655737,,Deborah,Bailey,7
136570,Kent,886,5449,Queen Elizabeth's Grammar School,Academy converter,Open,01/04/2011,,Secondary,11,18,No boarders,Not applicable,Has a sixth form,Mixed,None,Does not apply,Not applicable,Selective (grammar),Supported by a multi-academy trust,Bridge Multi-Academy Trust,-,,Not applicable,,10033266,Not applicable,Abbey Place,,,Faversham,Kent,ME13 7BQ,http://www.queenelizabeths.kent.sch.uk,1795533132,Mr,David,Anderson,19
137740,Windsor and Maidenhead,868,4055,Furze Platt Senior School,Academy converter,Open,01/12/2011,,Secondary,11,18,No boarders,Not applicable,Has a sixth form,Mixed,Does not apply,Does not apply,Not applicable,Comprehensive (secondary),Supported by a single-academy trust,Bridge Multi-Academy Trust,-,,Not applicable,,10035798,Not applicable,Furze Platt Road,,,Maidenhead,Berkshire,SL6 7NQ,http://www.furzeplatt.com,1628625308,Ms,Tanya,White,94
138717,Durham,840,4175,Woodham Academy,Academy converter,Open,01/09/2012,,Secondary,11,16,No boarders,No Nursery Classes,Does not have a sixth form,Mixed,None,Does not apply,Not applicable,Comprehensive (secondary),Supported by a single-academy trust,Bridge Multi-Academy Trust,-,,Not applicable,,10038631,Not applicable,Washington Crescent,,,Newton Aycliffe,County Durham,DL5 4AX,http://www.woodham.org.uk,1325300328,,Christine,Forsyth,56
138425,Birmingham,330,2058,The Shirestone Academy,Academy sponsor led,Open,01/11/2012,,Primary,3,11,No boarders,Has Nursery Classes,Not applicable,Mixed,Does not apply,None,Not applicable,Not applicable,Supported by a multi-academy trust,Bridge Multi-Academy Trust,Linked to a sponsor,The Elliot Foundation Academies Trust,Not applicable,,10038373,Not applicable,Shirestone Road,Tile Cross,,Birmingham,West Midlands,B33 0DH,http://www.shirestn.bham.sch.uk/,1216754686,Mr,Nadeem,Bashir,57
140101,Leicestershire,855,2326,Sileby Redlands Community Primary School,Academy converter,Open,01/09/2013,,Primary,4,11,No boarders,No Nursery Classes,Does not have a sixth form,Mixed,Does not apply,Does not apply,Not applicable,Not applicable,Supported by a multi-academy trust,Discovery Schools Academies Trust Ltd,-,,Not applicable,,10043040,Not applicable,King Street,Sileby,,Loughborough,Leicestershire,LE12 7LZ,http://www.redlands.org.uk,1509812376,Mr,Jonathan,Brown,1
140502,Birmingham,330,2453,Leigh Primary School,Academy converter,Open,01/01/2014,,Primary,3,11,No boarders,Has Nursery Classes,Does not have a sixth form,Mixed,Does not apply,Does not apply,Not applicable,Not applicable,Supported by a multi-academy trust,Discovery Schools Academies Trust Ltd,Linked to a sponsor,Leigh Junior Infant & Nursery School,Not applicable,,10044492,Not applicable,Leigh Road,Washwood Heath,,Birmingham,West Midlands,B8 2YH,www.leighji.bham.sch.uk/,1214642621,Mrs,Rehana,Yasmeen,91
139197,Hertfordshire,919,1106,Links Academy,Academy alternative provision converter,Open,01/02/2013,,Not applicable,5,16,No boarders,Not applicable,Not applicable,Mixed,Does not apply,None,Not applicable,Not applicable,Supported by a single-academy trust,Discovery Schools Academies Trust Ltd,-,,Not applicable,,10040055,Not applicable,1 Hixberry Lane,,,St Albans,Hertfordshire,AL4 0TZ,www.linksacademy.herts.sch.uk,1727836150,,David,Allen,55
141921,Northamptonshire,928,2220,Simon de Senlis Primary School,Academy converter,Open,01/04/2015,,Primary,4,11,No boarders,No Nursery Classes,Does not have a sixth form,Mixed,Does not apply,Does not apply,Not applicable,Not applicable,Supported by a multi-academy trust,Discovery Schools Academies Trust Ltd,Linked to a sponsor,Northampton Primary Academy Trust Partnership,Not applicable,,10049323,Not applicable,Hilldrop Road,East Hunsbury,,Northampton,Northamptonshire,NN4 0PH,www.simondesenlis.org,1604661011,,Tom,Rees,5
144136,Middlesbrough,806,2331,Pallister Park Primary School,Academy converter,Open,01/04/2017,,Primary,2,11,No boarders,Has Nursery Classes,Does not have a sixth form,Mixed,Does not apply,Does not apply,Not applicable,Not applicable,Supported by a multi-academy trust,Discovery Schools Academies Trust Ltd,-,,Not applicable,,10063035,Not applicable,Gribdale Road,Pallister Park,,Middlesbrough,,TS3 8PW,www.pallisterparkprimary.co.uk,1642242174,Mrs,C,Wain,13
144682,North Yorkshire,815,2042,Lealholm Primary School,Academy converter,Open,01/02/2018,,Primary,5,11,No boarders,No Nursery Classes,Does not have a sixth form,Mixed,Does not apply,Does not apply,Not applicable,Not applicable,Not supported by a trust,Discovery Schools Academies Trust Ltd,-,,Not applicable,,10065482,Not applicable,Lealholm,,,Whitby,North Yorkshire,YO21 2AQ,http://www.lealholm.n-yorks.sch.uk/,1947897401,Mrs,Helen,Ward,76
135965,Portsmouth,851,6905,Ark Charter Academy,Academy sponsor led,Open,01/09/2009,,Secondary,11,18,No boarders,Not applicable,Has a sixth form,Mixed,Church of England,None,Diocese of Portsmouth (ce),Comprehensive (secondary),Supported by a multi-academy trust,Discovery Schools Academies Trust Ltd,Linked to a sponsor,ARK Schools,Not applicable,,10027975,Not applicable,Hyde Park Road,,,Southsea,Hampshire,PO5 4HL,http://charteracademy.org.uk/,2392824204,Mr,Clive,Barnes,3
139020,Worcestershire,885,4009,Ipsley CE RSA Academy,Academy sponsor led,Open,01/01/2013,,Middle deemed secondary,9,13,No boarders,No Nursery Classes,Does not have a sixth form,Mixed,Church of England,None,Diocese of Worcester,Comprehensive (secondary),Supported by a multi-academy trust,Discovery Schools Academies Trust Ltd,Linked to a sponsor,RSA Academies,Not applicable,,10039861,Not applicable,Winyates Way,,Winyates,Redditch,,B98 0UB,http://www.ipsleyacademy.co.uk,1527525725,Ms,Nicola,Beech,74
139050,Bristol City of,801,2077,Bannerman Road Community Academy,Academy sponsor led,Open,01/01/2013,,Primary,3,11,No boarders,Has Nursery Classes,Does not have a sixth form,Mixed,Does not apply,None,Not applicable,Not applicable,Supported by a multi-academy trust,Discovery Schools Academies Trust Ltd,Linked to a sponsor,"Merchant Venturers, The Society of",Not applicable,,10039893,Not applicable,All Hallows Road,Easton,,Bristol,,BS5 0HR,http://www.bannermanroad.bristol.sch.uk/,1173772080,Ms,Lynsey,Prewett,100
141496,Norfolk,926,2061,Filby Primary School,Academy converter,Open,01/10/2014,,Primary,5,11,No boarders,No Nursery Classes,Does not have a sixth form,Mixed,Does not apply,Does not apply,Not applicable,Not applicable,Supported by a multi-academy trust,Discovery Schools Academies Trust Ltd,-,,Not applicable,,10047637,Not applicable,Thrigby Road,Filby,,Great Yarmouth,Norfolk,NR29 3HJ,www.filbyprisch-norfolk.co.uk,1493369241,Mr,R,Watson,41
136531,Surrey,936,4151,Weydon School,Academy converter,Open,01/04/2011,,Secondary,11,16,No boarders,Not applicable,Does not have a sixth form,Mixed,None,Does not apply,Not applicable,Comprehensive (secondary),Supported by a multi-academy trust,Discovery Schools Academies Trust Ltd,Linked to a sponsor,Weydon School,Not applicable,,10033295,Not applicable,Weydon Lane,,,Farnham,Surrey,GU9 8UG,http://www.weydonschool.surrey.sch.uk/,1252725052,Mrs,Jackie,Sharman,89
138997,Nottinghamshire,891,2008,Kingston Park Academy,Academy sponsor led,Open,01/12/2012,,Primary,3,11,,Has Nursery Classes,Does not have a sixth form,Mixed,Does not apply,None,Not applicable,Not applicable,Supported by a multi-academy trust,Delta Academies Trust,Linked to a sponsor,Delta Academies Trust,Not applicable,,10039577,Not applicable,Long Lane,Carlton-in-Lindrick,,Worksop,,S81 9AW,www.kingstonpa.org.uk/,1909730294,Mrs,Vicki,Pearson,89
137611,North East Lincolnshire,812,3300,Lisle Marsden Church of England Primary Academy,Academy converter,Open,01/11/2011,,Primary,4,11,No boarders,No Nursery Classes,Not applicable,Mixed,Church of England,Does not apply,Diocese of Lincoln,Not applicable,Supported by a single-academy trust,Delta Academies Trust,-,,Not applicable,,10035671,Not applicable,Lansdowne Avenue,,,Grimsby,North East Lincolnshire,DN32 0DF,http://www.lisle.ne-lincs.sch.uk/,1472311040,Mr,Daniel,Kinsey,33
142578,Doncaster,371,2006,Waverley Academy,Academy sponsor led,Open,01/04/2016,,Primary,3,11,No boarders,Has Nursery Classes,Does not have a sixth form,Mixed,Does not apply,,Not applicable,Not applicable,Supported by a multi-academy trust,Delta Academies Trust,Linked to a sponsor,Wakefield City Academies Trust,Not applicable,,10055388,,Douglas Road,Balby,,Doncaster,South Yorkshire,DN4 0UB,,1302853326,Mrs,Diane,Humphrey,19
144472,Gloucestershire,916,2037,Moat Primary School,Academy sponsor led,Open,01/06/2017,,Primary,4,11,No boarders,No Nursery Classes,Does not have a sixth form,Mixed,Does not apply,,Not applicable,Not applicable,Supported by a multi-academy trust,Delta Academies Trust,Linked to a sponsor,The Robinswood Academy Trust,Not applicable,,10063704,,Juniper Avenue,Matson,,Gloucester,Gloucestershire,GL4 6AP,,1452520502,Miss,Alison,Walker,52
136870,Lincolnshire,925,3508,Ermine Primary Academy,Academy converter,Open,01/07/2011,,Primary,3,11,No boarders,Has Nursery Classes,Not applicable,Mixed,None,Does not apply,Not applicable,Not applicable,Supported by a multi-academy trust,Delta Academies Trust,-,,Not applicable,,10034927,Not applicable,Redbourne Drive,,,Lincoln,Lincolnshire,LN2 2HG,www.lincolncastleacademy.co.uk/,1522781030,Mr,Andrew,Sale,14
143589,Essex,881,7065,Market Field School,Academy special converter,Open,01/12/2016,,Not applicable,5,19,No boarders,No Nursery Classes,Not applicable,Mixed,Does not apply,Does not apply,Not applicable,Not applicable,Supported by a multi-academy trust,Delta Academies Trust,-,,Not applicable,,10061938,Not applicable,School Road,Elmstead Market,,Colchester,Essex,CO7 7ET,www.marketfieldschool.com,1206825195,Mr,G R,Smith,15
138087,Bradford,380,4041,Belle Vue Girls' Academy,Academy converter,Open,01/04/2012,,Secondary,11,18,No boarders,No Nursery Classes,Has a sixth form,Girls,Does not apply,Does not apply,Not applicable,Comprehensive (secondary),Supported by a multi-academy trust,Delta Academies Trust,-,,Not applicable,,10037038,Not applicable,Thorn Lane,Bingley Road,,Bradford,West Yorkshire,BD9 6NA,http://bellevuegirls.wix.com/,1274492341,Ms,Mary,Copeland,36
136285,Cumbria,909,2130,Seaton Academy,Academy converter,Open,01/09/2010,,Primary,3,7,No boarders,Has Nursery Classes,Not applicable,Mixed,Does not apply,Does not apply,Not applicable,Not applicable,Supported by a single-academy trust,Delta Academies Trust,-,,Not applicable,,10031377,Not applicable,High Seaton,,,Workington,Cumbria,CA14 1NP,http://www.seatonacademy.co.uk,190066982,Mrs,Christina Lesley,Banks,54
135666,Lincolnshire,925,6908,The Gainsborough Academy,Academy sponsor led,Open,01/09/2008,,Secondary,11,16,No boarders,Not applicable,Not applicable,Mixed,Does not apply,None,Not applicable,Comprehensive (secondary),Supported by a multi-academy trust,Delta Academies Trust,Linked to a sponsor,The Lincoln College Academy Trust,Not applicable,,10024188,Not applicable,Sweyn Lane,Off Corringham Road,,Gainsborough,Lincolnshire,DN21 1PB,http://www.thegainsboroughacademy.org.uk/,1427612411,Mrs,Anna,Leng,91
140687,Barking and Dagenham,301,2002,Dorothy Barley Junior Academy,Academy sponsor led,Open,01/06/2014,,Primary,7,11,No boarders,No Nursery Classes,Does not have a sixth form,Mixed,Does not apply,None,Not applicable,,Supported by a multi-academy trust,Delta Academies Trust,Linked to a sponsor,REAch2 Academy Trust,Not applicable,,10045428,Not applicable,Ivinghoe Road,,,Dagenham,Essex,RM8 2NB,www.dorothybarleyjunioracademy.co.uk/,2082704962,,Cathy,Leicester,70
138176,Darlington,841,2670,Mowden Junior School,Academy converter,Open,01/06/2012,,Primary,7,11,No boarders,No Nursery Classes,Does not have a sixth form,Mixed,Does not apply,Does not apply,Not applicable,Not applicable,Supported by a multi-academy trust,Delta Academies Trust,-,,Not applicable,,10037461,Not applicable,Conyers Avenue,,,Darlington,County Durham,DL3 9DE,http://www.mowdenfederation.co.uk,1325380820,Mr,Peter,King,100
142034,Cambridgeshire,873,2038,St Mary's Church of England Primary School St Neots,Academy sponsor led,Open,01/09/2015,,Primary,3,11,No boarders,Has Nursery Classes,Does not have a sixth form,Mixed,Church of England,None,Diocese of Ely,Not applicable,Supported by a multi-academy trust,Delta Academies Trust,Linked to a sponsor,Diocese of Ely,Not applicable,,10049647,Not applicable,Wintringham Road,,,St Neots,Cambridgeshire,PE19 1NX,,1480398048,,Ben,Hodson,64
140149,Stoke-on-Trent,861,4711,St Margaret Ward Catholic Academy,Academy converter,Open,01/09/2013,,Secondary,11,18,No boarders,No Nursery Classes,Has a sixth form,Mixed,Roman Catholic,Does not apply,Archdiocese of Birmingham,Comprehensive (secondary),Supported by a multi-academy trust,Delta Academies Trust,Linked to a sponsor,The Newman Collegiate MAC (North Stoke),Not applicable,,10043065,Not applicable,Little Chell Lane,Tunstall,,Stoke-on-Trent,Staffordshire,ST6 6LZ,http://www.stmargaretward.co.uk/,1782883000,Mr,Christopher,Smith,38
139436,Kent,886,2023,Temple Ewell Church of England Primary School,Academy sponsor led,Open,01/02/2014,,Primary,4,11,No boarders,No Nursery Classes,Does not have a sixth form,Mixed,Church of England,None,Diocese of Canterbury,Not applicable,Supported by a multi-academy trust,Delta Academies Trust,Linked to a sponsor,The Diocese of Canterbury Academies Company Limited,Not applicable,,10041585,Not applicable,3-4 Brookside,Temple Ewell,,Dover,Kent,CT16 3DT,www.temple-ewell.kent.sch.uk/,1304822665,Ms,Jo,Hygate,42
142342,South Gloucestershire,803,2166,Callicroft Primary School,Academy converter,Open,01/10/2015,,Primary,4,11,No boarders,No Nursery Classes,Does not have a sixth form,Mixed,Does not apply,Does not apply,Not applicable,Not applicable,Supported by a multi-academy trust,Delta Academies Trust,Linked to a sponsor,The Olympus Academy Trust,Not applicable,,10054195,Not applicable,Rodway Road,Patchway,,Bristol,,BS34 5EG,http://callicroftprimary.co.uk,1454867195,Mr,Richard,Clark,86
138492,West Sussex,938,5200,Greenway Academy,Academy converter,Open,01/08/2012,,Primary,7,11,No boarders,No Nursery Classes,Does not have a sixth form,Mixed,None,Does not apply,Not applicable,Not applicable,Supported by a multi-academy trust,Delta Academies Trust,-,,Not applicable,,10037887,Not applicable,Greenway,,,Horsham,West Sussex,RH12 2JS,www.greenwayacademy.co.uk/,1403252013,,Karen,White,61
143548,Shropshire,893,2008,Alveley Primary School,Academy sponsor led,Open,01/11/2016,,Primary,4,11,No boarders,Has Nursery Classes,Does not have a sixth form,Mixed,Does not apply,,Not applicable,Not applicable,Supported by a multi-academy trust,Delta Academies Trust,Linked to a sponsor,Bridgnorth Area Schools’ Trust,Not applicable,,10061624,,Daddlebrook Road,Alveley,,Bridgnorth,Shropshire,WV15 6JT,www.alveleyprimary.co.uk,1746780284,Mr,P,O'malley,15
145146,Nottingham,892,4009,Bluecoat Wollaton Academy,Academy converter,Open,01/10/2017,,Secondary,11,18,,No Nursery Classes,Has a sixth form,Mixed,Church of England,Does not apply,,,Supported by a multi-academy trust,Archway Learning Trust,Linked to a sponsor,Archway Learning Trust,Not applicable,,10065259,,Sutton Passeys Crescent,Wollaton Park,,Nottingham,Nottinghamshire,NG8 1EA,http://www.bluecoatwollaton.co.uk/,1159007210,,Stuart,Anderson,31
138098,Wolverhampton,336,4000,Moseley Park,Academy sponsor led,Open,01/06/2012,,Secondary,11,18,No boarders,No Nursery Classes,Has a sixth form,Mixed,None,None,Not applicable,Comprehensive (secondary),Supported by a multi-academy trust,Archway Learning Trust,Linked to a sponsor,Central Learning Partnership Trust,Not applicable,,10037487,Not applicable,Holland Road,,,Bilston,West Midlands,WV14 6LU,http://www.moseleypark.org,1902553901,Mrs,Georgetta,Holloway,46
143868,Bexley,303,2083,Barrington Primary School,Academy converter,Open,01/01/2017,,Primary,4,11,No boarders,No Nursery Classes,Does not have a sixth form,Mixed,Does not apply,Does not apply,Not applicable,Not applicable,Supported by a multi-academy trust,Archway Learning Trust,-,,Not applicable,,10062298,Not applicable,Barrington Road,,,Bexleyheath,Kent,DA7 4UN,www.barrington.bexley.sch.uk/,2083040242,Mrs,Claire,Clark,99
144499,Walsall,335,2034,North Walsall Primary Academy,Academy sponsor led,Open,01/04/2016,,Primary,3,11,,Has Nursery Classes,Not applicable,Mixed,None,None,,,Supported by a multi-academy trust,Archway Learning Trust,Linked to a sponsor,Academy Transformation Trust,Not applicable,,10063163,,Derby Street,,,Walsall,West Midlands,WS2 7BH,www.nwpa.attrust.org.uk,1922720822,Mrs,L,Chambers-Wardman,33
140228,Central Bedfordshire,823,3306,Clifton All Saints Academy,Academy converter,Open,01/10/2013,,Primary,5,9,No boarders,No Nursery Classes,Does not have a sixth form,Mixed,Church of England,Does not apply,Diocese of St Albans,Not applicable,Supported by a single-academy trust,Archway Learning Trust,-,,Not applicable,,10043438,Not applicable,Church Street,Clifton,,Shefford,Bedfordshire,SG17 5ES,www.cliftonallsaintsacademy.co.uk/,1462628444,Headteacher,Carol,Ward,51
144385,Plymouth,879,2665,Drake Primary Academy,Academy converter,Open,01/04/2017,,Primary,4,11,No boarders,No Nursery Classes,Does not have a sixth form,Mixed,Does not apply,Does not apply,Not applicable,Not applicable,Supported by a multi-academy trust,Archway Learning Trust,-,,Not applicable,,10063152,Not applicable,1 Johnston Terrace Ope,Keyham,,Plymouth,Devon,PL2 2EN,www.drakeprimaryschool.co.uk/,1752567649,Mr,Joe,Roberts,10
138043,Staffordshire,860,2242,Bursley Academy,Academy converter,Open,01/04/2012,,Primary,3,11,No boarders,Has Nursery Classes,Does not have a sixth form,Mixed,Does not apply,Does not apply,Not applicable,Not applicable,Supported by a multi-academy trust,Archway Learning Trust,-,,Not applicable,,10036799,Not applicable,Bursley Way,Bradwell,,Newcastle,Staffordshire,ST5 8JQ,http://www.bursley.staffs.sch.uk,1782567740,Mr,John Brian,Wilkinson,6
142594,Walsall,335,4106,Pool Hayes Academy,Academy converter,Open,01/02/2016,,Secondary,11,18,No boarders,No Nursery Classes,Has a sixth form,Mixed,None,Does not apply,Not applicable,Comprehensive (secondary),Supported by a multi-academy trust,Archway Learning Trust,Linked to a sponsor,Academy Transformation Trust,Not applicable,,10055379,Not applicable,Castle Drive,,,Willenhall,West Midlands,WV12 4QZ,www.poolhayes.attrust.org.uk,1902368147,,Luke,Baker,53
136845,Buckinghamshire,825,4065,Sir Henry Floyd Grammar School,Academy converter,Open,01/07/2011,,Secondary,11,18,No boarders,Not applicable,Has a sixth form,Mixed,Does not apply,Does not apply,Not applicable,Selective (grammar),Supported by a multi-academy trust,Archway Learning Trust,Linked to a sponsor,Sir Henry Floyd Grammar School,Not applicable,,10034108,Not applicable,Oxford Road,,,Aylesbury,Buckinghamshire,HP21 8PE,www.sirhenryfloyd.bucks.sch.uk,1296424781,Mr,Stephen,Box,37
144131,Manchester,352,2079,Brookburn Community School,Academy converter,Open,01/04/2017,,Primary,3,11,No boarders,Has Nursery Classes,Does not have a sixth form,Mixed,Does not apply,Does not apply,Not applicable,Not applicable,Supported by a multi-academy trust,Archway Learning Trust,-,,Not applicable,,10063039,Not applicable,Brookburn Road,Chorlton-Cum-Hardy,,Manchester,,M21 8EH,www.brookburn.wordpress.com/,1618818880,Ms,Schelene,Ferris,20
141932,Norfolk,926,3063,West Raynham Church of England Primary Academy,Academy converter,Open,01/12/2015,,Primary,4,11,No boarders,No Nursery Classes,Does not have a sixth form,Mixed,Church of England,Does not apply,Diocese of Norwich,Not applicable,Supported by a multi-academy trust,Archway Learning Trust,Linked to a sponsor,The Diocese of Norwich Education and Academies Trust,Not applicable,,10053755,Not applicable,West Raynham,,,Fakenham,Norfolk,NR21 7HH,,1328838317,,Chris,Allen,33
145218,Staffordshire,860,2167,Rykneld Primary School,Academy converter,Open,01/11/2017,,Primary,5,11,No boarders,No Nursery Classes,Does not have a sixth form,Mixed,Does not apply,Does not apply,Not applicable,Not applicable,Supported by a multi-academy trust,Archway Learning Trust,Linked to a sponsor,John Taylor High School,Not applicable,,10065955,Not applicable,Main Street,Branston,,Burton-on-Trent,Staffordshire,DE14 3EX,www.rykneld.staffs.sch.uk/,1283247475,Mr,Gary,Staddon,94
137800,Kent,886,4527,Borden Grammar School,Academy converter,Open,01/01/2012,,Secondary,11,18,No boarders,Not applicable,Has a sixth form,Boys,None,Does not apply,Not applicable,Selective (grammar),Supported by a single-academy trust,Borden Grammar School Trust,-,,Not applicable,,10035796,Not applicable,Avenue of Remembrance,,,Sittingbourne,Kent,ME10 4DB,http://website.bordengrammar.kent.sch.uk/,1795424192,Mr,Jonathan,Hopkins,19
139401,Cambridgeshire,873,4005,North Cambridge Academy,Academy sponsor led,Open,01/09/2013,,Secondary,11,16,No boarders,No Nursery Classes,Does not have a sixth form,Mixed,Does not apply,None,Not applicable,Comprehensive (secondary),Supported by a multi-academy trust,Borden Grammar School Trust,Linked to a sponsor,Cambridge Meridian Academies Trust,Not applicable,,10041582,Not applicable,Arbury Road,Kings Hedges,,Cambridge,Cambridgeshire,CB4 2JF,http://www.northcambridgeacademy.org/,1223491500,Mr,Martin,Campbell,16
141687,Kirklees,382,2018,Marsden Junior School,Academy sponsor led,Open,01/04/2015,,Primary,7,11,No boarders,No Nursery Classes,Does not have a sixth form,Mixed,Does not apply,None,Not applicable,Not applicable,Supported by a multi-academy trust,Borden Grammar School Trust,Linked to a sponsor,The Mirfield Free Grammar & Sixth Form,Not applicable,,10048632,Not applicable,Manchester Road,Marsden,,Huddersfield,West Yorkshire,HD7 6EP,http://www.themjs.org/,1484843588,Mrs,Sarah,Mansell,90
139958,West Sussex,938,2020,The Mill Primary Academy,Academy sponsor led,Open,01/09/2013,,Primary,4,11,No boarders,No Nursery Classes,Does not have a sixth form,Mixed,Does not apply,None,Not applicable,Not applicable,Supported by a multi-academy trust,Borden Grammar School Trust,Linked to a sponsor,The Kemnal Academies Trust,Not applicable,,10042712,Not applicable,Ifield Drive,Ifield,,Crawley,West Sussex,RH11 0EL,www.themill-tkat.org,1293571893,,Neil,Small,35
137694,Essex,881,4333,Burnt Mill Academy,Academy converter,Open,01/12/2011,,Secondary,11,16,No boarders,Not applicable,Does not have a sixth form,Mixed,None,Does not apply,Not applicable,Comprehensive (secondary),Supported by a multi-academy trust,Borden Grammar School Trust,Linked to a sponsor,Burnt Mill Academy Trust,Not applicable,,10035847,Not applicable,First Avenue,,,Harlow,Essex,CM20 2NR,http://www.burntmill.essex.sch.uk,1279300555,Miss,Laura,McGlashan,36
138284,Lincolnshire,925,5202,Rauceby Church of England Primary School,Academy converter,Open,01/07/2012,,Primary,4,11,No boarders,No Nursery Classes,Does not have a sixth form,Mixed,Church of England,Does not apply,Diocese of Lincoln,Not applicable,Supported by a single-academy trust,Borden Grammar School Trust,-,,Not applicable,,10037603,Not applicable,Tom Lane,North Rauceby,,Sleaford,Lincolnshire,NG34 8QW,www.raucebyschool.co.uk,1529488667,,David,Manby,37
143209,Greenwich,203,2919,Timbercroft Primary School,Academy converter,Open,01/09/2016,,Primary,3,11,No boarders,Has Nursery Classes,Does not have a sixth form,Mixed,Does not apply,Does not apply,Not applicable,Not applicable,Supported by a multi-academy trust,Borden Grammar School Trust,-,,Not applicable,,10057776,Not applicable,Timbercroft Lane,Plumstead,,London,,SE18 2SG,http://www.timbercroft.greenwich.sch.uk/,2088546915,Ms,Debra,Joyce,31
143369,Surrey,936,5402,"St John the Baptist Catholic Comprehensive School, Woking",Academy converter,Open,01/09/2016,,Secondary,11,18,No boarders,No Nursery Classes,Has a sixth form,Mixed,Roman Catholic,Does not apply,Diocese of Arundel and Brighton,Comprehensive (secondary),Supported by a multi-academy trust,Borden Grammar School Trust,-,,Not applicable,,10057650,Not applicable,Elmbridge Lane,Kingfield,,Woking,Surrey,GU22 9AL,http://sjb.surrey.sch.uk,1483729343,Mrs,Ani,Magill,10
142327,Somerset,933,2017,Primrose Lane Primary School,Academy sponsor led,Open,01/09/2016,,Primary,2,11,,Has Nursery Classes,Does not have a sixth form,Mixed,Does not apply,None,Not applicable,Not applicable,Supported by a multi-academy trust,Borden Grammar School Trust,Linked to a sponsor,"Huish Primary School, Yeovil",Not applicable,,10053862,,Cunningham Road,,,Yeovil,Somerset,BA21 5FH,www.primroselane.somerset.sch.uk,1935475693,Mrs,Annie,Sherrard,24
141726,Northamptonshire,928,7019,Greenfields Specialist School for Communication,Academy special converter,Open,01/02/2015,,Not applicable,11,19,No boarders,Not applicable,Has a sixth form,Mixed,Does not apply,None,Not applicable,Not applicable,Supported by a single-academy trust,Borden Grammar School Trust,-,,Not applicable,,10048675,Not applicable,Prentice Court,Lings Way,Goldings,Northampton,Northamptonshire,NN3 8XS,http://www.greenfields.northants.sch.uk/,1604741960,,Lisa,Atack,4
138005,Swindon,866,2151,Seven Fields Primary School,Academy converter,Open,01/04/2012,,Primary,3,11,No boarders,Has Nursery Classes,Does not have a sixth form,Mixed,Does not apply,Does not apply,Not applicable,Not applicable,Supported by a single-academy trust,Seven Fields Primary School,-,,Not applicable,,10036990,Not applicable,Leigh Road,Penhill,,Swindon,Wiltshire,SN2 5DE,http://www.sevenfieldsprimary.co.uk/,1793723833,,Zita,McCormick,84
141013,Redcar and Cleveland,807,4003,Hillsview Academy,Academy sponsor led,Open,01/09/2014,,Secondary,11,18,No boarders,Not applicable,Has a sixth form,Mixed,None,None,Not applicable,Non-selective,Supported by a multi-academy trust,Seven Fields Primary School,Linked to a sponsor,Academies Enterprise Trust (AET),Not applicable,,10046434,Not applicable,Normanby Road,South Bank,,Middlesbrough,,TS6 9AG,,1642454577,Mr,Doug,Elliott,50
137679,Luton,821,5407,Icknield High School,Academy converter,Open,01/12/2011,,Secondary,11,16,No boarders,Not applicable,Does not have a sixth form,Mixed,None,Does not apply,Not applicable,Comprehensive (secondary),Supported by a single-academy trust,Seven Fields Primary School,-,,Not applicable,,10035812,Not applicable,Riddy Lane,,,Luton,Bedfordshire,LU3 2AH,http://www.icknield.beds.sch.uk/,1582576561,Mr,Christopher,Dean,86
136476,Lincolnshire,925,5422,The West Grantham Academy St Hugh's,Academy converter,Open,01/02/2011,,Secondary,11,16,No boarders,Not applicable,Does not have a sixth form,Mixed,Church of England,Does not apply,Diocese of Lincoln,Modern (secondary),Supported by a multi-academy trust,Seven Fields Primary School,-,,Not applicable,,10032993,Not applicable,The Avenue,Dysart Road,,Grantham,Lincolnshire,NG31 7PX,http://www.wgacademiestrust.org.uk/,1476405200,Mrs,Susan,Dench,45
136486,Sunderland,394,2081,Town End Academy,Academy converter,Open,01/03/2011,,Primary,2,11,No boarders,Has Nursery Classes,Not applicable,Mixed,Does not apply,Does not apply,Not applicable,Not applicable,Supported by a multi-academy trust,Seven Fields Primary School,Linked to a sponsor,WISE Academies,Not applicable,,10033407,Not applicable,Borodin Avenue,Town End Farm,,Sunderland,Tyne and Wear,SR5 4NX,townend.wiseacademies.co.uk,1915536996,Mrs,Nichola,Fullard,77
138167,Kent,886,4113,Astor College (A Specialist College for the Arts),Academy converter,Open,02/06/2012,,Secondary,11,18,No boarders,No Nursery Classes,Has a sixth form,Mixed,Does not apply,Does not apply,Not applicable,Modern (secondary),Supported by a multi-academy trust,Seven Fields Primary School,-,,Not applicable,,10037500,Not applicable,Astor Avenue,,,Dover,Kent,CT17 0AS,http://www.astor-college.co.uk,1304201151,Mr,Christopher J,Russell,73
139382,Thurrock,883,2003,Benyon Primary School,Academy sponsor led,Open,01/04/2013,,Primary,3,11,No boarders,Has Nursery Classes,Does not have a sixth form,Mixed,Does not apply,None,Not applicable,Not applicable,Supported by a multi-academy trust,Seven Fields Primary School,Linked to a sponsor,Catalyst Academies Trust,Not applicable,,10040752,Not applicable,Tyssen Place,,,South Ockendon,Essex,RM15 6PG,www.benyonprimary.co.uk/,1708853200,,Sharon,Walker,23
141080,Northamptonshire,928,2094,Weedon Bec Primary School,Academy converter,Open,01/07/2014,,Primary,4,11,No boarders,No Nursery Classes,Does not have a sixth form,Mixed,Does not apply,Does not apply,Not applicable,Not applicable,Supported by a multi-academy trust,Seven Fields Primary School,-,,Not applicable,,10046447,Not applicable,West Street,Weedon,,Northampton,Northamptonshire,NN7 4QU,www.weedonbecprimary.co.uk/,1327340547,Mr,Antony,Witheyman,38
141743,Warwickshire,937,2034,Keresley Newland Primary Academy,Academy sponsor led,Open,01/03/2015,,Primary,3,11,No boarders,Has Nursery Classes,Does not have a sixth form,Mixed,Does not apply,None,Not applicable,Not applicable,Supported by a multi-academy trust,Seven Fields Primary School,Linked to a sponsor,NET Academies Trust,Not applicable,,10048725,Not applicable,Grove Lane,Keresley End,,Coventry,Warwickshire,CV7 8JZ,http://www.netacademies.net/keresleynewland/,2476332434,Mrs,Fiona,Hims,33
137968,Leicestershire,855,4053,Redmoor Academy,Academy converter,Open,01/04/2012,,Secondary,11,16,No boarders,No Nursery Classes,Does not have a sixth form,Mixed,Does not apply,Does not apply,Not applicable,Comprehensive (secondary),Supported by a single-academy trust,Seven Fields Primary School,Linked to a sponsor,Redmoor Academy,Not applicable,,10036927,Not applicable,Wykin Road,,,Hinckley,Leicestershire,LE10 0EP,http://www.redmooracademy.org/,1455230731,Mr,Matthew,Nicolle,65
137228,Devon,878,4055,Great Torrington School,Academy converter,Open,01/08/2011,,Secondary,11,16,No boarders,Not applicable,Does not have a sixth form,Mixed,None,Does not apply,Not applicable,Comprehensive (secondary),Supported by a single-academy trust,Seven Fields Primary School,-,,Not applicable,,10034538,Not applicable,Calvesford Road,,,Torrington,Devon,EX38 7DJ,http://www.gts.devon.sch.uk,1805623531,,Tracey,Amos,77
140590,Rotherham,372,3338,St Joseph's Catholic Primary School,Academy converter,Open,01/02/2014,,Primary,3,11,No boarders,Has Nursery Classes,Does not have a sixth form,Mixed,Roman Catholic,Does not apply,Diocese of Hallam,Not applicable,Supported by a single-academy trust,Seven Fields Primary School,-,,Not applicable,,10044813,Not applicable,Lidgett Lane,Dinnington,,Sheffield,South Yorkshire,S25 2QD,www.stjosephs-dinnington.co.uk,1909550123,Mr,David,Hickey,55
143021,North Somerset,802,3450,St John the Evangelist Church School,Academy converter,Open,01/07/2016,,Primary,4,11,No boarders,No Nursery Classes,Does not have a sixth form,Mixed,Church of England,Does not apply,Diocese of Bath and Wells,Not applicable,Supported by a multi-academy trust,Seven Fields Primary School,Linked to a sponsor,Diocese of Bath and Wells Multi Academy Trust,Not applicable,,10057262,Not applicable,Fosseway,,,Clevedon,Somerset,BS21 5EL,www.stjohnevangelistbwmat.org,1275873417,Mrs,Catherine,Doswell,48
136322,Suffolk,935,4102,Samuel Ward Academy,Academy converter,Open,01/11/2010,,Secondary,11,18,No boarders,Not applicable,Has a sixth form,Mixed,None,Does not apply,Not applicable,Comprehensive (secondary),Supported by a multi-academy trust,Samuel Ward Academy Trust,Linked to a sponsor,Samuel Ward Academy Trust,Not applicable,,10032209,Not applicable,Chalkstone Way,,,Haverhill,Suffolk,CB9 0LD,http://www.samuelward.co.uk,1440761511,Mr,Mark,Neild,86
137025,Devon,878,2224,East Worlington Primary School,Academy converter,Open,01/08/2011,,Primary,5,11,No boarders,No Nursery Classes,Not applicable,Mixed,Does not apply,Does not apply,Not applicable,Not applicable,Supported by a multi-academy trust,Samuel Ward Academy Trust,-,,Not applicable,,10034827,Not applicable,East Worlington,,,Crediton,Devon,EX17 4TS,www.east-worlington-primary.devon.sch.uk/,1884861722,Mr,Michael,Johnson,42
141634,Northamptonshire,928,3408,St Edward's Catholic Primary School,Academy converter,Open,01/03/2015,,Primary,4,11,No boarders,No Nursery Classes,Does not have a sixth form,Mixed,Roman Catholic,Does not apply,Diocese of Northampton,Not applicable,Supported by a multi-academy trust,Samuel Ward Academy Trust,Linked to a sponsor,St Luke Academies Trust,Not applicable,,10048936,Not applicable,Eastleigh Road,,,Kettering,Northamptonshire,NN15 6PT,www.st-edwards.northants.sch.uk/,1536481430,,Pauline,Cuddihy,40
137082,Peterborough,874,4000,Nene Park Academy,Academy sponsor led,Open,01/09/2011,,Secondary,11,19,No boarders,Not applicable,Has a sixth form,Mixed,None,None,Not applicable,Comprehensive (secondary),Supported by a multi-academy trust,Samuel Ward Academy Trust,Linked to a sponsor,Cambridge Meridian Academies Trust,Not applicable,,10034976,Not applicable,Oundle Road,Orton Longueville,,Peterborough,Cambridgeshire,PE2 7EA,www.neneparkacademy.org,1733368300,Mr,Steve,Howard,7
141346,Stoke-on-Trent,861,2010,Whitfield Valley Primary Academy,Academy sponsor led,Open,01/04/2015,,Primary,3,11,,Has Nursery Classes,Does not have a sixth form,Mixed,Does not apply,None,Not applicable,Not applicable,Supported by a multi-academy trust,Samuel Ward Academy Trust,Linked to a sponsor,Newstead Primary Multi Academy Trust,Not applicable,,10047469,Not applicable,Oxford Road,Fegg Hayes,,Stoke-on-Trent,Staffordshire,ST6 6TD,www.whitfieldv.org.uk/,1782234570,Mr,Adam,Clewes,90
138212,Newcastle upon Tyne,391,2010,Atkinson Road Primary Academy,Academy converter,Open,01/06/2012,,Primary,4,11,No boarders,No Nursery Classes,Does not have a sixth form,Mixed,Does not apply,Does not apply,Not applicable,Not applicable,Supported by a multi-academy trust,Samuel Ward Academy Trust,Linked to a sponsor,The Laidlaw Schools Trust,Not applicable,,10037472,Not applicable,Atkinson Road,Benwell,,Newcastle-upon-Tyne,Tyne and Wear,NE4 8XT,www.atkinsonroadacademy.com/,1912730452,,Andrea,O'Neill,74
144868,Kent,886,3330,Bredgar Church of England Primary School,Academy converter,Open,01/08/2017,,Primary,4,11,No boarders,No Nursery Classes,Does not have a sixth form,Mixed,Church of England,Does not apply,Diocese of Canterbury,Not applicable,Supported by a multi-academy trust,Samuel Ward Academy Trust,-,,Not applicable,,10064679,Not applicable,Bexon Lane,Bredgar,,Sittingbourne,Kent,ME9 8HB,www.bredgar.kent.sch.uk/,1622884359,Mrs,Madeleine,Gower,80
135174,Liverpool,341,6907,The Belvedere Academy,Academy sponsor led,Open,01/09/2007,,Secondary,11,19,No boarders,Not applicable,Has a sixth form,Girls,Does not apply,None,Not applicable,Comprehensive (secondary),Supported by a multi-academy trust,Samuel Ward Academy Trust,Linked to a sponsor,Girls' Day School Trust (GDST),Not applicable,,10021072,Not applicable,17 Belvidere Road,Princes Park,,Liverpool,Merseyside,L8 3TF,www.belvedereacademy.net,1517271284,Mr,Peter,Kennedy,14
136482,Hertfordshire,919,5427,Hockerill Anglo-European College,Academy converter,Open,01/02/2011,,Secondary,11,18,Boarding school,Not applicable,Has a sixth form,Mixed,None,Does not apply,Not applicable,Comprehensive (secondary),Supported by a single-academy trust,Samuel Ward Academy Trust,-,,Not applicable,,10033001,Not applicable,Dunmow Road,,,Bishop's Stortford,Hertfordshire,CM23 5HX,http://www.hockerill.com,1279658451,Mr,Richard,Markham,77
141262,East Sussex,845,2170,Hollington Primary Academy,Academy converter,Open,01/09/2014,,Primary,2,11,No boarders,Has Nursery Classes,Does not have a sixth form,Mixed,Does not apply,Does not apply,Not applicable,Not applicable,Supported by a multi-academy trust,Samuel Ward Academy Trust,-,,Not applicable,,10047159,Not applicable,Hollington Old Lane,,,St Leonards-on-Sea,East Sussex,TN38 9DS,www.hollingtonprimaryacademy.org.uk/,1424851783,,John,Smith,29
136448,Reading,870,5413,Kendrick School,Academy converter,Open,01/02/2011,,Secondary,11,18,No boarders,Not applicable,Has a sixth form,Girls,None,Does not apply,Not applicable,Selective (grammar),Supported by a single-academy trust,Samuel Ward Academy Trust,-,,Not applicable,,10032955,Not applicable,London Road,,,Reading,Berkshire,RG1 5BN,http://www.kendrick.reading.sch.uk/,1189015859,,Christine,Kattirtzi,48
139256,Oxfordshire,931,2005,Windale Community Primary School,Academy sponsor led,Open,01/08/2013,,Primary,3,11,No boarders,Has Nursery Classes,Does not have a sixth form,Mixed,Does not apply,None,Not applicable,Not applicable,Supported by a multi-academy trust,Samuel Ward Academy Trust,Linked to a sponsor,Blackbird Academy Trust,Not applicable,,10040133,Not applicable,Windale Avenue,Blackbird Leys,,Oxford,Oxfordshire,OX4 6JD,www.windaleprimary.com/,1865777796,Ms,Katie,Geran-Haq,65
139252,Essex,881,2032,Messing Primary School,Academy sponsor led,Open,01/09/2013,,Primary,4,11,No boarders,No Nursery Classes,Does not have a sixth form,Mixed,Does not apply,None,Not applicable,Not applicable,Supported by a multi-academy trust,Samuel Ward Academy Trust,Linked to a sponsor,New Hall Academy Trust,Not applicable,,10040139,Not applicable,School Road,Messing,,Colchester,Essex,CO5 9TH,www.messingprimaryschool.co.uk/,1621815415,,Jackie,Halliday,12
144083,East Sussex,845,2025,Ark Castledown Primary Academy,Academy sponsor led,Open,01/09/2017,,Primary,2,11,No boarders,Has Nursery Classes,Does not have a sixth form,Mixed,Does not apply,Does not apply,Not applicable,Not applicable,Supported by a multi-academy trust,Samuel Ward Academy Trust,Linked to a sponsor,ARK Schools,Not applicable,,10064728,Not applicable,Priory Road,,,Hastings,East Sussex,TN34 3QT,http://www.arkcastledown.org,1424444046,Ms,Lorraine,Burns,8
138616,Dorset,835,4187,The Wey Valley School,Academy converter,Open,01/09/2012,,Secondary,11,16,No boarders,No Nursery Classes,Does not have a sixth form,Mixed,None,Does not apply,Not applicable,Comprehensive (secondary),Supported by a single-academy trust,Samuel Ward Academy Trust,-,,Not applicable,,10038675,Not applicable,Dorchester Road,,,Weymouth,Dorset,DT3 5AN,http://www.weyvalley.dorset.sch.uk,1305817000,Ms,Sara,Adams,40
136789,Sutton,319,5405,Wallington High School for Girls,Academy converter,Open,01/06/2011,,Secondary,11,18,No boarders,Not applicable,Has a sixth form,Girls,None,Does not apply,Not applicable,Selective (grammar),Supported by a multi-academy trust,Samuel Ward Academy Trust,-,,Not applicable,,10033802,Not applicable,Woodcote Road,,,Wallington,Surrey,SM6 0PH,http://www.wallingtongirls.sutton.sch.uk/,2086472380,Mr,Richard,Booth,34
139061,Northamptonshire,928,2052,The Arbours Primary Academy,Academy sponsor led,Open,01/01/2013,,Primary,4,11,No boarders,No Nursery Classes,Does not have a sixth form,Mixed,Does not apply,None,Not applicable,Not applicable,Supported by a multi-academy trust,Samuel Ward Academy Trust,Linked to a sponsor,The David Ross Education Trust,Not applicable,,10039894,Not applicable,St Gregory's Road,The Arbours,,Northampton,Northamptonshire,NN3 3QF,www.arboursacademy.co.uk,1604410242,Ms,Trudy,Cotchin,5
138623,Wiltshire,865,5405,St John's Marlborough,Academy converter,Open,01/09/2012,,Secondary,11,18,No boarders,No Nursery Classes,Has a sixth form,Mixed,None,Does not apply,Not applicable,Comprehensive (secondary),Supported by a multi-academy trust,Samuel Ward Academy Trust,-,,Not applicable,,10038597,Not applicable,Granham Hill,,,Marlborough,Wiltshire,SN8 4AX,http://www.stjohns.wilts.sch.uk,1672516156,Mrs,Nicky,Edmondson,32
144065,Croydon,306,2043,St Peter's Primary School,Academy converter,Open,01/04/2017,,Primary,4,11,No boarders,No Nursery Classes,Does not have a sixth form,Mixed,Does not apply,Does not apply,Not applicable,Not applicable,Supported by a multi-academy trust,Samuel Ward Academy Trust,-,,Not applicable,,10063080,Not applicable,Normanton Road,,,South Croydon,Surrey,CR2 7AR,www.st-petersprimary.co.uk/,2086885414,Mr,Paul,Thomas,3
137545,Calderdale,381,5203,"St John's (CofE) Primary Academy, Clifton",Academy converter,Open,01/10/2011,,Primary,4,11,No boarders,No Nursery Classes,Not applicable,Mixed,Church of England,Does not apply,Diocese of Leeds (ce),Not applicable,Supported by a single-academy trust,Samuel Ward Academy Trust,-,,Not applicable,,10035499,Not applicable,Towngate,Clifton,,Brighouse,West Yorkshire,HD6 4HP,http://www.stjohnsacademyclifton.co.uk/,1484713036,,Helen,Lever,27
142975,Poole,836,2259,Oakdale Junior School,Academy converter,Open,01/07/2016,,Middle deemed primary,7,11,No boarders,No Nursery Classes,Does not have a sixth form,Mixed,Does not apply,Does not apply,Not applicable,Not applicable,Supported by a multi-academy trust,Samuel Ward Academy Trust,-,,Not applicable,,10057143,Not applicable,School Lane,,,Poole,Dorset,BH15 3JR,www.oakdalejunior.co.uk,1202685800,Mrs,Eileen,Bissell,66
140030,Northamptonshire,928,2120,St Peter's Church of England Academy,Academy sponsor led,Open,01/11/2013,,Primary,7,11,No boarders,No Nursery Classes,Does not have a sixth form,Mixed,Church of England,None,Diocese of Peterborough,Not applicable,Supported by a multi-academy trust,Samuel Ward Academy Trust,Linked to a sponsor,Manor School Sports College,Not applicable,,10042943,Not applicable,Mountbatten Way,Raunds,,Wellingborough,Northamptonshire,NN9 6PA,www.stpetersschoolraunds.co.uk,1933622400,Mrs,Sarah,Folkard,75
137399,Kirklees,382,5400,Castle Hall Academy,Academy converter,Open,01/09/2011,,Secondary,11,16,No boarders,Not applicable,Does not have a sixth form,Mixed,None,Does not apply,Not applicable,Comprehensive (secondary),Supported by a single-academy trust,Samuel Ward Academy Trust,-,,Not applicable,,10035011,Not applicable,Richard Thorpe Avenue,Crowlees Road,,Mirfield,West Yorkshire,WF14 9PH,http://www.castlehall.com,1924520500,Mr,Andy,Pugh,75
140364,Norfolk,926,4011,Cliff Park Ormiston Academy,Academy sponsor led,Open,01/01/2014,,Secondary,11,16,No boarders,No Nursery Classes,Does not have a sixth form,Mixed,Does not apply,None,Not applicable,Comprehensive (secondary),Supported by a multi-academy trust,Samuel Ward Academy Trust,Linked to a sponsor,Ormiston Academies Trust,Not applicable,,10044155,Not applicable,Kennedy Avenue,Gorleston,,Great Yarmouth,Norfolk,NR31 6TA,http://www.cliffparkoa.co.uk/,1493661504,,Tamsin,Poulter,50
140611,Hertfordshire,919,2038,Wilshere-Dacre Junior Academy,Academy sponsor led,Open,01/03/2014,,Primary,7,11,No boarders,No Nursery Classes,Does not have a sixth form,Mixed,Does not apply,None,Not applicable,,Supported by a multi-academy trust,REAch2 Academy Trust,Linked to a sponsor,REAch2 Academy Trust,Not applicable,,10044936,Not applicable,Fishponds Road,,,Hitchin,Hertfordshire,SG5 1NS,www.wilshere.herts.sch.uk/,1462459215,Mrs,Sarah,Smith,3
141334,Nottingham,892,2012,Jubilee L.E.A.D. Academy,Academy sponsor led,Open,01/12/2014,,Primary,3,11,No boarders,Has Nursery Classes,Does not have a sixth form,Mixed,Does not apply,None,Not applicable,Not applicable,Supported by a multi-academy trust,REAch2 Academy Trust,Linked to a sponsor,L.E.A.D. Multi-Academy Trust,Not applicable,,10047453,Not applicable,Highwood Avenue,Bilborough,,Nottingham,Nottinghamshire,NG8 3AF,http://www.jubilee.nottingham.sch.uk/,1159155720,Mrs,Nicola,McIntyre,9
144156,North Yorkshire,815,3022,Croft Church of England Primary School,Academy converter,Open,01/01/2018,,Primary,3,11,No boarders,Has Nursery Classes,Does not have a sixth form,Mixed,Church of England,Does not apply,Diocese of Leeds (ce),Not applicable,Supported by a multi-academy trust,REAch2 Academy Trust,Linked to a sponsor,Dales Academies Trust,Not applicable,,10066362,Not applicable,South Parade,Croft-on-Tees,,Darlington,County Durham,DL2 2SP,http://www.croftprimaryschool.org,1325720528,Mr,Simon,Robson,12
136044,Lincolnshire,925,6909,St George's Academy,Academy sponsor led,Open,01/01/2010,,Secondary,11,18,No boarders,Not applicable,Has a sixth form,Mixed,Does not apply,None,Not applicable,Comprehensive (secondary),Supported by a single-academy trust,REAch2 Academy Trust,Linked to a sponsor,This is a co-sponsored academy. Details of the sponsors of co-sponsored academies are not included in the current version of performance tables but this information will be available early in 2016,Not applicable,,10029212,Not applicable,Westgate,,,Sleaford,Lincolnshire,NG34 7PP,http://www.st-georges-academy.org/,1529302487,Mr,Wayne,Birks,20
142722,Havering,311,7003,Ravensbourne School,Academy special converter,Open,01/04/2016,,Not applicable,2,19,No boarders,Has Nursery Classes,Has a sixth form,Mixed,Does not apply,Does not apply,Not applicable,Not applicable,Supported by a multi-academy trust,REAch2 Academy Trust,Linked to a sponsor,Hornbeam Academy Trust,Not applicable,,10056097,Not applicable,Neave Crescent,Faringdon Avenue,Harold Hill,Romford,Essex,RM3 8HN,http://www.ravensbourne-special-needs.org.uk/,1708341800,Mrs,Jane,Murray,55
135300,Bristol City of,801,6907,Bristol Brunel Academy,Academy sponsor led,Open,01/09/2007,,Secondary,11,19,No boarders,Not applicable,Has a sixth form,Mixed,Does not apply,None,Not applicable,Comprehensive (secondary),Supported by a multi-academy trust,REAch2 Academy Trust,Linked to a sponsor,Cabot Learning Federation,Not applicable,,10021092,Not applicable,Speedwell Road,Speedwell,,Bristol,,BS15 1NU,http://www.bba.bristol.sch.uk/,1173772700,Mr,Jon,Jones,53
139928,Medway,887,2004,Saxon Way Primary School,Academy sponsor led,Open,01/09/2013,,Primary,3,11,No boarders,Has Nursery Classes,Does not have a sixth form,Mixed,Does not apply,None,Not applicable,Not applicable,Supported by a multi-academy trust,REAch2 Academy Trust,Linked to a sponsor,The Griffin Schools Trust,Not applicable,,10042702,Not applicable,,Ingram Road,,Gillingham,Kent,ME7 1SJ,http://www.saxonway-gst.org/,3000658400,Mrs,Angela,Sandow,99
137678,Kingston upon Thames,314,5404,The Hollyfield School and Sixth Form Centre,Academy converter,Open,01/12/2011,,Secondary,11,18,No boarders,Not applicable,Has a sixth form,Mixed,None,Does not apply,Not applicable,Modern (secondary),Supported by a multi-academy trust,REAch2 Academy Trust,-,,Not applicable,,10035697,Not applicable,Surbiton Hill Road,,,Surbiton,Surrey,KT6 4TU,http://www.hollyfield.kingston.sch.uk/,2083394500,Mr,Tom,Maltby,93
139951,Surrey,936,2019,Pyrcroft Grange Primary School,Academy sponsor led,Open,01/12/2013,,Primary,4,11,No boarders,No Nursery Classes,Does not have a sixth form,Mixed,Does not apply,None,Not applicable,Non-selective,Supported by a multi-academy trust,REAch2 Academy Trust,Linked to a sponsor,Bourne Education Trust,Not applicable,,10042693,Not applicable,Pyrcroft Road,,,Chertsey,Surrey,KT16 9EW,www.pyrcroftgrange.surrey.sch.uk,1932564094,Mrs,Susan,Nardoni,26
142086,Wolverhampton,336,7000,Northern House School (City of Wolverhampton),Academy special sponsor led,Open,01/01/2016,,Not applicable,7,16,No boarders,No Nursery Classes,Does not have a sixth form,Mixed,Does not apply,None,Not applicable,Not applicable,Supported by a multi-academy trust,REAch2 Academy Trust,Linked to a sponsor,Northern House School Academy Trust,Not applicable,,10052509,Not applicable,Valley Park Campus,Cromer Gardens,,Wolverhampton,West Midlands,WV6 0UB,http://northernhousewolverhampton.schooljotter2.com/,1902551564,Mrs,Tina,Whitehouse,60
145351,Hertfordshire,919,2156,Meryfield Primary School,Academy converter,Open,01/01/2018,,Primary,3,11,No boarders,Has Nursery Classes,Does not have a sixth form,Mixed,Does not apply,Does not apply,Not applicable,Not applicable,Supported by a multi-academy trust,REAch2 Academy Trust,Linked to a sponsor,Herts for Learning Multi Academy Trust,Not applicable,,10066385,Not applicable,Theobald Street,,,Borehamwood,Hertfordshire,WD6 4PA,www.meryfield.herts.sch.uk,2089532106,Mrs,Alexandra,Gage,78
136479,Lincolnshire,925,4017,Charles Read Academy,Academy converter,Open,01/02/2011,,Secondary,11,16,No boarders,Not applicable,Does not have a sixth form,Mixed,Does not apply,Does not apply,Not applicable,Modern (secondary),Supported by a multi-academy trust,REAch2 Academy Trust,Linked to a sponsor,The David Ross Education Trust,Not applicable,,10032997,Not applicable,Bourne Road,Corby Glen,,Grantham,Lincolnshire,NG33 4NT,www.charlesreadacademy.co.uk,1476550333,Mr,Robert,Sloan,31
140463,Birmingham,330,3303,Holy Trinity CE Primary Academy (Handsworth),Academy converter,Open,01/12/2013,,Primary,3,11,No boarders,Has Nursery Classes,Does not have a sixth form,Mixed,Church of England,Does not apply,Diocese of Birmingham,Not applicable,Supported by a single-academy trust,REAch2 Academy Trust,-,,Not applicable,,10044318,Not applicable,Havelock Road,Handsworth,,Birmingham,West Midlands,B20 3LP,http://www.htcepa.bham.sch.uk,1214649900,Mrs,Paula,Burns,55
145173,Bradford,380,4061,Appleton Academy,Academy sponsor led,Open,01/09/2017,,All through,3,19,,Not applicable,Has a sixth form,Mixed,None,None,,,Supported by a multi-academy trust,REAch2 Academy Trust,Linked to a sponsor,Exceed Academies Trust,Not applicable,,10065408,,Woodside Road,,,Bradford,West Yorkshire,BD12 8AL,,1274600550,Ms,Helen,Jones,22
139357,Kirklees,382,2124,Fieldhead Primary Academy,Academy converter,Open,01/03/2013,,Primary,3,11,No boarders,Has Nursery Classes,Does not have a sixth form,Mixed,Does not apply,Does not apply,Not applicable,Not applicable,Supported by a multi-academy trust,Focus Academy Trust (UK) Ltd,-,,Not applicable,,10040641,Not applicable,Charlotte Close,Birstall,,Batley,West Yorkshire,WF17 9BX,www.fieldheadprimaryacademy.co.uk/,1924473016,Mrs,Victoria,Saville,15
145307,Norfolk,926,2190,Queensway Infant Academy and Nursery,Academy sponsor led,Open,01/12/2017,,Primary,3,7,No boarders,Not applicable,Does not have a sixth form,Mixed,Does not apply,Does not apply,Not applicable,Not applicable,Supported by a multi-academy trust,Focus Academy Trust (UK) Ltd,Linked to a sponsor,Eastern Multi-Academy Trust,Not applicable,,10066043,,Queensway,,,Thetford,Norfolk,IP24 3DR,,1842753163,Mrs,Jayne,Wilding,26
136839,Somerset,933,4250,Ansford Academy,Academy converter,Open,01/07/2011,,Secondary,11,16,No boarders,Not applicable,Does not have a sixth form,Mixed,None,Does not apply,Not applicable,Comprehensive (secondary),Supported by a single-academy trust,Focus Academy Trust (UK) Ltd,-,,Not applicable,,10034101,Not applicable,Maggs Lane,,,Castle Cary,Somerset,BA7 7JJ,http://www.ansford.org.uk,1963350895,,Shonogh,Pilgrim,81
131752,Hammersmith and Fulham,205,6905,Ark Burlington Danes Academy,Academy sponsor led,Open,01/09/2006,,All through,3,18,No boarders,Has Nursery Classes,Has a sixth form,Mixed,Church of England,None,Diocese of London,Comprehensive (secondary),Supported by a multi-academy trust,Focus Academy Trust (UK) Ltd,Linked to a sponsor,ARK Schools,Not applicable,,10015175,Not applicable,Wood Lane,,,London,,W12 0HR,http://burlingtondanes.org/,2087354950,Mr,Michael,Ribton,10
142581,Warwickshire,937,2042,Stratford-Upon-Avon Primary School,Academy sponsor led,Open,01/03/2016,,Primary,4,11,No boarders,No Nursery Classes,Does not have a sixth form,Mixed,Does not apply,,Not applicable,Not applicable,Supported by a multi-academy trust,Focus Academy Trust (UK) Ltd,Linked to a sponsor,Community Academies Trust,Not applicable,,10055391,,Broad Street,,,Stratford-upon-Avon,Warwickshire,CV37 6HN,,1789293201,Mrs,Gillian,Humphriss,60
138133,Wiltshire,865,2006,The Mead Community Primary School,Academy converter,Open,01/05/2012,,Primary,2,11,No boarders,Has Nursery Classes,Does not have a sixth form,Mixed,Does not apply,Does not apply,Not applicable,Not applicable,Supported by a multi-academy trust,Focus Academy Trust (UK) Ltd,Linked to a sponsor,The Mead Academy Trust,Not applicable,,10037236,Not applicable,Hackett Place,Hilperton,,Trowbridge,Wiltshire,BA14 7GN,www.themead.wilts.sch.uk,1225759273,,Emma,Holton,19
137433,Suffolk,935,7000,Priory School,Academy special converter,Open,01/09/2011,,Not applicable,7,19,Boarding school,Not applicable,Has a sixth form,Mixed,Does not apply,None,Not applicable,Not applicable,Supported by a multi-academy trust,Focus Academy Trust (UK) Ltd,-,,Not applicable,,10035159,Not applicable,Mount Road,,,Bury St Edmunds,Suffolk,IP32 7BH,http://www.priory.suffolk.sch.uk/,1284761934,Mr,Lawrence,Chapman,40
140499,Cambridgeshire,873,5201,Park Lane Primary & Nursery School,Academy converter,Open,01/01/2014,,Primary,3,11,No boarders,Has Nursery Classes,Does not have a sixth form,Mixed,None,Does not apply,Not applicable,Not applicable,Supported by a multi-academy trust,Focus Academy Trust (UK) Ltd,-,,Not applicable,,10044539,Not applicable,Park Lane,Whittlesey,,Peterborough,Cambridgeshire,PE7 1JB,www.parklane.cambs.sch.uk,1733203433,Mr,Rob,Litten,67
144267,York,816,2027,Woodthorpe Primary School,Academy converter,Open,01/10/2017,,Primary,3,11,No boarders,Has Nursery Classes,Does not have a sixth form,Mixed,Does not apply,Does not apply,Not applicable,Not applicable,Supported by a multi-academy trust,Focus Academy Trust (UK) Ltd,-,,Not applicable,,10065309,Not applicable,Summerfield Road,Woodthorpe,,York,North Yorkshire,YO24 2RU,www.woodthorpeprimaryschool.co.uk/,1904554420,Mr,James,McGann,83
144274,North Yorkshire,815,3154,Filey Church of England Nursery and Infants Academy,Academy converter,Open,01/04/2017,,Primary,3,7,No boarders,Has Nursery Classes,Does not have a sixth form,Mixed,Church of England,Does not apply,Diocese of York,Not applicable,Supported by a multi-academy trust,Focus Academy Trust (UK) Ltd,-,,Not applicable,,10063396,Not applicable,Padbury Avenue,,,Filey,North Yorkshire,YO14 0BA,fileyinfants.ebor.academy,1723513077,Mrs,Denise,Crosier,86
144830,Bath and North East Somerset,800,2259,Midsomer Norton Primary School,Academy converter,Open,01/09/2017,,Primary,2,11,No boarders,Has Nursery Classes,Does not have a sixth form,Mixed,Does not apply,Does not apply,Not applicable,Not applicable,Supported by a multi-academy trust,Focus Academy Trust (UK) Ltd,Linked to a sponsor,Midsomer Norton Schools Partnership,Not applicable,,10064855,Not applicable,High Street,Midsomer Norton,,Radstock,Somerset,BA3 2DR,www.midsomernortonprimary.com,1761412289,Mr,A,Randell,56
143554,Wirral,344,4001,"St Mary's Catholic College, A Voluntary Academy",Academy sponsor led,Open,01/11/2016,,Secondary,11,18,No boarders,No Nursery Classes,Has a sixth form,Mixed,Roman Catholic,,Diocese of Shrewsbury,Comprehensive (secondary),Supported by a multi-academy trust,Focus Academy Trust (UK) Ltd,Linked to a sponsor,Holy Family Catholic Multi Academy Trust,Not applicable,,10061777,,Wallasey Village,,,Wallasey,Merseyside,CH45 3LN,,1516397531,Mr,Anthony,Boyle,84
140648,Bromley,305,2027,St John's Church of England Primary School,Academy sponsor led,Open,01/04/2014,,Primary,4,11,No boarders,No Nursery Classes,Does not have a sixth form,Mixed,Church of England,None,Diocese of Rochester,,Supported by a multi-academy trust,Focus Academy Trust (UK) Ltd,Linked to a sponsor,Aquinas Church of England Education Trust Ltd,Not applicable,,10045207,Not applicable,Maple Road,Penge,,London,,SE20 8HU,www.st-johns.bromley.sch.uk/,2087785066,Ms,Sharon,Rutherford,50
138076,Nottinghamshire,891,4456,The Elizabethan Academy,Academy converter,Open,01/04/2012,,Secondary,11,18,No boarders,No Nursery Classes,Has a sixth form,Mixed,Does not apply,Does not apply,Not applicable,Comprehensive (secondary),Supported by a single-academy trust,Focus Academy Trust (UK) Ltd,-,,Not applicable,,10037017,Not applicable,Hallcroft Road,,,Retford,Nottinghamshire,DN22 7PY,http://www.elizabethan.notts.sch.uk,1777713700,,Christine,Horrocks,94
137656,Hertfordshire,919,4140,Meridian School,Academy converter,Open,01/11/2011,,Secondary,13,18,No boarders,Not applicable,Has a sixth form,Mixed,Does not apply,Does not apply,Not applicable,Comprehensive (secondary),Supported by a multi-academy trust,Focus Academy Trust (UK) Ltd,-,,Not applicable,,10035748,Not applicable,Garden Walk,,,Royston,Hertfordshire,SG8 7JH,http://www.meridian.herts.sch.uk/,1763242236,Miss,Kim,Horner,67
139060,Northamptonshire,928,4009,Lodge Park Academy,Academy sponsor led,Open,01/01/2013,,Secondary,11,18,No boarders,No Nursery Classes,Has a sixth form,Mixed,None,None,Not applicable,Comprehensive (secondary),Supported by a multi-academy trust,Focus Academy Trust (UK) Ltd,Linked to a sponsor,The David Ross Education Trust,Not applicable,,10039855,Not applicable,Shetland Way,,,Corby,Northamptonshire,NN17 2JH,www.lodgeparkacademy.co.uk,1536203817,Mr,Leo,Gilbert,5
136127,Derbyshire,830,6905,Shirebrook Academy,Academy sponsor led,Open,01/09/2010,,Secondary,11,16,No boarders,Not applicable,Not applicable,Mixed,Does not apply,None,Not applicable,Comprehensive (secondary),Supported by a multi-academy trust,Aston Community Education Trust,Linked to a sponsor,Aston Community Education Trust (ACET),Not applicable,,10030457,Not applicable,Common Lane,Shirebrook,,Mansfield,Nottinghamshire,NG20 8QF,http://www.shirebrookacademy.org/,1623742722,Mr,Mark,Cottingham,82
136958,Lincolnshire,925,4049,Caistor Yarborough Academy,Academy converter,Open,01/08/2011,,Secondary,11,16,No boarders,Not applicable,Does not have a sixth form,Mixed,Does not apply,Does not apply,Not applicable,Modern (secondary),Supported by a single-academy trust,Aston Community Education Trust,-,,Not applicable,,10034616,Not applicable,Grimsby Road,Caistor,,Market Rasen,Lincolnshire,LN7 6QZ,http://www.caistoryarboroughacademy.org.uk/,1472851383,Mr,Mark,Midgley,62
138428,Gloucestershire,916,7000,Greenfield Academy,Academy special sponsor led,Open,01/09/2012,,Not applicable,11,16,,Not applicable,Not applicable,Mixed,None,None,Not applicable,Not applicable,Supported by a multi-academy trust,Aston Community Education Trust,Linked to a sponsor,The White Horse Federation,Not applicable,,10038372,Not applicable,Drake Lane,,,Dursley,Gloucestershire,GL11 5HD,,1453542130,Mr,Richard,Lewis,77
142378,Cambridgeshire,873,1109,TBAP Cambridge AP Academy,Academy alternative provision converter,Open,01/10/2015,,Not applicable,5,16,,Not applicable,Not applicable,Mixed,Does not apply,None,,,Supported by a multi-academy trust,Aston Community Education Trust,Linked to a sponsor,TBAP Trust,Not applicable,,10054166,Not applicable,Ascham Road,,,Cambridge,,CB4 2BD,Www.tbap.org.uk,1354750369,,Angela,Tempany,52
139573,Wakefield,384,2007,St Helen's CE Primary School,Academy sponsor led,Open,01/07/2013,,Primary,3,11,No boarders,Has Nursery Classes,Does not have a sixth form,Mixed,Church of England,None,Diocese of Leeds (ce),Not applicable,Supported by a multi-academy trust,Aston Community Education Trust,Linked to a sponsor,Enhance Academy Trust,Not applicable,,10041568,Not applicable,Highfield Road,Hemsworth,,Pontefract,West Yorkshire,WF9 4EG,www.st-helens.wakefield.sch.uk/,1977617955,Ms,Susan,Henderson,24
140295,Redbridge,317,3507,St Aidan's Catholic Primary Academy,Academy converter,Open,01/11/2013,,Primary,3,11,No boarders,Has Nursery Classes,Does not have a sixth form,Mixed,Roman Catholic,Does not apply,Diocese of Brentwood,Not applicable,Supported by a single-academy trust,Aston Community Education Trust,-,,Not applicable,,10043925,Not applicable,Benton Road,,,Ilford,Essex,IG1 4AS,www.staidansacademy.org/,2085905223,Mrs,Susan,Johnson,3
144336,Birmingham,330,7000,Hallmoor School,Academy special sponsor led,Open,01/04/2017,,Not applicable,4,19,No boarders,No Nursery Classes,Has a sixth form,Mixed,Does not apply,,Not applicable,Not applicable,Supported by a multi-academy trust,Aston Community Education Trust,Linked to a sponsor,Forward Education Trust,Not applicable,,10063397,,50 Scholars Gate,Kitts Green,,Birmingham,West Midlands,B33 0DL,,1217833972,Mrs,Joanne,Edwards,60
141150,Oxfordshire,931,3420,"Holy Trinity Catholic School, Chipping Norton",Academy converter,Open,01/08/2014,,Primary,4,11,No boarders,No Nursery Classes,Does not have a sixth form,Mixed,Roman Catholic,Does not apply,Archdiocese of Birmingham,Not applicable,Supported by a multi-academy trust,Aston Community Education Trust,Linked to a sponsor,Pope Francis MAC (North Oxfordshire),Not applicable,,10046755,Not applicable,24 London Road,,,Chipping Norton,Oxfordshire,OX7 5AX,http://www.holy-trinity.oxon.sch.uk,1608643487,Mrs,Lorna,Buchanan,25
140579,Oldham,353,2097,Greenhill Academy,Academy converter,Open,01/02/2014,,Primary,2,11,No boarders,Has Nursery Classes,Does not have a sixth form,Mixed,Does not apply,Does not apply,Not applicable,Not applicable,Supported by a multi-academy trust,Aston Community Education Trust,Linked to a sponsor,The Harmony Trust,Not applicable,,10044826,Not applicable,Harmony Street,Glodwick,,Oldham,Greater Manchester,OL4 1RR,www.greenhill.theharmonytrust.org,1612600621,Mrs,Melanie,Eccles,22
138187,Croydon,306,4031,Woodcote High School,Academy converter,Open,01/06/2012,,Secondary,11,19,No boarders,No Nursery Classes,Has a sixth form,Mixed,Does not apply,Does not apply,Not applicable,Comprehensive (secondary),Supported by a single-academy trust,Aston Community Education Trust,-,,Not applicable,,10037475,Not applicable,Meadow Rise,,,Coulsdon,Surrey,CR5 2EH,www.woodcotehigh.com,2086686464,Mr,Mark,Southworth,42
141638,South Gloucestershire,803,2170,Charborough Road Primary School,Academy converter,Open,01/01/2015,,Primary,4,11,No boarders,No Nursery Classes,Does not have a sixth form,Mixed,Does not apply,Does not apply,Not applicable,Not applicable,Supported by a multi-academy trust,Aston Community Education Trust,Linked to a sponsor,The Olympus Academy Trust,Not applicable,,10048342,Not applicable,Charborough Road,Filton,,Bristol,South Gloucestershire,BS34 7RA,www.charboroughroadschool.co.uk/,1454867220,Mrs,Nicola,Bailey,43
142318,Wiltshire,865,3159,Seagry Church of England Primary School,Academy converter,Open,01/09/2015,,Primary,2,11,No boarders,Has Nursery Classes,Does not have a sixth form,Mixed,Church of England,Does not apply,Diocese of Bristol,Not applicable,Supported by a multi-academy trust,Aston Community Education Trust,-,,Not applicable,,10053780,Not applicable,Upper Seagry,,,Chippenham,Wiltshire,SN15 5EX,http://www.seagry.wilts.sch.uk,1249720213,Mrs,Jill,Rowe,2
137928,Hounslow,313,5400,"Gumley House RC Convent School, FCJ",Academy converter,Open,01/03/2012,,Secondary,11,18,No boarders,Not applicable,Has a sixth form,Girls,Roman Catholic,Does not apply,Archdiocese of Westminster,Comprehensive (secondary),Supported by a single-academy trust,Aston Community Education Trust,-,,Not applicable,,10036711,Not applicable,St John's Road,,,Isleworth,,TW7 6XF,http://www.gumley.hounslow.sch.uk/,2085688692,Ms,Caroline,Braggs,30
138783,Lincolnshire,925,4002,King Edward VI Academy,Academy sponsor led,Open,01/09/2012,,Secondary,11,16,No boarders,Not applicable,Not applicable,Mixed,None,None,Not applicable,Comprehensive (secondary),Supported by a multi-academy trust,Aston Community Education Trust,Linked to a sponsor,The David Ross Education Trust,Not applicable,,10038868,Not applicable,West End,,,Spilsby,Lincolnshire,PE23 5EW,www.kingedwardacademy.co.uk,1790753260,Mrs,Joanne,Myhill-Johnson,39
141142,Wiltshire,865,3203,St Bartholomew's Primary Academy,Academy converter,Open,01/09/2014,,Primary,4,11,No boarders,No Nursery Classes,Does not have a sixth form,Mixed,Church of England,Does not apply,Diocese of Salisbury,Not applicable,Supported by a multi-academy trust,Aston Community Education Trust,-,,Not applicable,,10046730,Not applicable,The Rosary,Royal Wootton Bassett,,Swindon,Wiltshire,SN4 8AZ,www.st-bartholomews.dsat.org.uk,1793853288,Mr,Daniel,Oakes,40
143338,Southend-on-Sea,882,2104,Thorpe Greenways Junior School,Academy converter,Open,01/10/2016,,Primary,7,11,No boarders,No Nursery Classes,Does not have a sixth form,Mixed,Does not apply,Does not apply,Not applicable,Not applicable,Supported by a multi-academy trust,Learning in Harmony Multi Academy Trust,Linked to a sponsor,Learning in Harmony Multi Academy Trust,Not applicable,,10057745,Not applicable,Greenways,,,Southend-on-Sea,Essex,SS1 3BS,www.greenways.southend.sch.uk,1702987950,Mr,Ashley,Eastwood,21
135631,Slough,871,6905,The Langley Academy,Academy sponsor led,Open,01/09/2008,,Secondary,11,18,No boarders,Not applicable,Has a sixth form,Mixed,Does not apply,None,Not applicable,Comprehensive (secondary),Supported by a multi-academy trust,Learning in Harmony Multi Academy Trust,Linked to a sponsor,The Arbib Foundation,Not applicable,,10024150,Not applicable,Langley Road,Langley,,Slough,Berkshire,SL3 7EF,www.langleyacademy.org,1753214440,Mrs,Alison,Lusuardi,59
141979,Dudley,332,2002,The Bromley-Pensnett Primary School,Academy sponsor led,Open,01/10/2015,,Primary,3,11,No boarders,Has Nursery Classes,Does not have a sixth form,Mixed,Does not apply,None,Not applicable,Not applicable,Supported by a multi-academy trust,Learning in Harmony Multi Academy Trust,Linked to a sponsor,drb Ignite Limited,Not applicable,,10049495,Not applicable,Bromley,Pensnett,,Brierley Hill,West Midlands,DY5 4PJ,www.bromleyprimary.org.uk,1384816865,,Helen,Coles,79
137770,Warwickshire,937,4190,Aylesford School and Sixth Form College,Academy converter,Open,01/01/2012,,All through,4,18,No boarders,Not applicable,Has a sixth form,Mixed,Does not apply,Does not apply,Not applicable,Comprehensive (secondary),Supported by a single-academy trust,Learning in Harmony Multi Academy Trust,-,,Not applicable,,10035998,Not applicable,Tapping Way,,,Warwick,Warwickshire,CV34 6XR,http://www.aylesfordschool.org.uk,1926747100,Mr,Steve,Hall,59
138829,Norfolk,926,4042,Reepham High School and College,Academy converter,Open,01/10/2012,,Secondary,11,18,No boarders,No Nursery Classes,Has a sixth form,Mixed,Does not apply,Does not apply,Not applicable,Comprehensive (secondary),Supported by a multi-academy trust,Learning in Harmony Multi Academy Trust,Linked to a sponsor,Synergy Academy Trust,Not applicable,,10039052,Not applicable,Whitwell Road,Reepham,,Norwich,Norfolk,NR10 4JT,http://www.reephamhigh.com/,1603870328,Mr,Tim,Gibbs,15
139961,Northamptonshire,928,4014,Wrenn School,Academy sponsor led,Open,01/09/2013,,Secondary,11,18,No boarders,No Nursery Classes,Has a sixth form,Mixed,None,None,Not applicable,Comprehensive (secondary),Supported by a multi-academy trust,Learning in Harmony Multi Academy Trust,Linked to a sponsor,The Education Fellowship Trust,Not applicable,,10042706,Not applicable,London Road,,,Wellingborough,Northamptonshire,NN8 2DQ,http://www.wrenn-academy.net,1933222039,Mr,Stephen,Elliott,61
143132,Lincolnshire,925,2040,Theddlethorpe Primary School,Academy sponsor led,Open,01/09/2016,,Primary,4,11,No boarders,No Nursery Classes,Does not have a sixth form,Mixed,Does not apply,,Not applicable,Not applicable,Supported by a multi-academy trust,Learning in Harmony Multi Academy Trust,Linked to a sponsor,Tollbar Multi Academy Trust,Not applicable,,10057554,,Mill Road,Theddlethorpe,,Mablethorpe,Lincolnshire,LN12 1PB,,1507338215,,Mandy,White,51
140399,Leeds,383,2013,Holy Trinity Church of England Academy,Academy sponsor led,Open,01/04/2014,,Primary,4,11,No boarders,No Nursery Classes,Does not have a sixth form,Mixed,Church of England,None,Diocese of Leeds (ce),,Supported by a multi-academy trust,Learning in Harmony Multi Academy Trust,Linked to a sponsor,Abbey Multi Academy Trust,Not applicable,,10044176,Not applicable,Queensway,Rothwell,,Leeds,West Yorkshire,LS26 0NB,www.holytrinityce.co.uk,1138591842,Mr,Darren,Foulke,64
143239,Leeds,383,2328,Swillington Primary School,Academy converter,Open,01/09/2016,,Primary,3,11,No boarders,Has Nursery Classes,Does not have a sixth form,Mixed,None,Does not apply,Not applicable,Not applicable,Supported by a multi-academy trust,Learning in Harmony Multi Academy Trust,-,,Not applicable,,10057825,Not applicable,Church Lane,Swillington,,Leeds,West Yorkshire,LS26 8DX,www.swillington.leeds.sch.uk/,1132863220,Mrs,Sallie,Elliott,93
138663,Nottingham,892,2118,Whitemoor Academy (Primary and Nursery),Academy converter,Open,01/09/2012,,Primary,3,11,No boarders,Has Nursery Classes,Does not have a sixth form,Mixed,Does not apply,Does not apply,Not applicable,Not applicable,Supported by a multi-academy trust,Learning in Harmony Multi Academy Trust,Linked to a sponsor,Shine,Not applicable,,10038665,Not applicable,Bracknell Crescent,Whitemoor Estate,,Nottingham,Nottinghamshire,NG8 5FF,www.whitemooracademy.co.uk/,1159786351,,Jacqueline,Hill,99
137938,Hertfordshire,919,5412,Nicholas Breakspear Catholic School,Academy converter,Open,01/03/2012,,Secondary,11,18,No boarders,Not applicable,Has a sixth form,Mixed,Roman Catholic,Does not apply,Archdiocese of Westminster,Comprehensive (secondary),Supported by a multi-academy trust,Learning in Harmony Multi Academy Trust,-,,Not applicable,,10036753,Not applicable,Colney Heath Lane,,,St Albans,Hertfordshire,AL4 0TT,http://www.nicholasbreakspearschool.co.uk/,1727860079,Mr,Declan,Linnane,83
138906,Leicestershire,855,2331,Holywell Primary School,Academy converter,Open,01/11/2012,,Primary,4,11,No boarders,No Nursery Classes,Does not have a sixth form,Mixed,Does not apply,Does not apply,Not applicable,Not applicable,Supported by a single-academy trust,Learning in Harmony Multi Academy Trust,-,,Not applicable,,10039069,Not applicable,Berkeley Road,,,Loughborough,Leicestershire,LE11 3SJ,http://www.holywell.leics.sch.uk/,1509231347,Mrs,Mia,Ings,16
142058,Norfolk,926,4020,Sewell Park Academy,Academy sponsor led,Open,01/09/2015,,Secondary,11,18,No boarders,No Nursery Classes,Has a sixth form,Mixed,Does not apply,None,Not applicable,Comprehensive (secondary),Supported by a multi-academy trust,Learning in Harmony Multi Academy Trust,Linked to a sponsor,Rightforsuccess Trust,Not applicable,,10049652,Not applicable,St Clement's Hill,,,Norwich,Norfolk,NR3 4BX,www.sewellpark.org,1603411721,Mrs,Penny,Bignell,87
141131,Wirral,344,4000,The Kingsway Academy,Academy sponsor led,Open,01/02/2015,,Secondary,11,18,No boarders,No Nursery Classes,Has a sixth form,Mixed,Does not apply,None,Not applicable,Comprehensive (secondary),Supported by a multi-academy trust,Learning in Harmony Multi Academy Trust,Linked to a sponsor,Northern Schools Trust,Not applicable,,10046648,Not applicable,Birket Avenue,Moreton,,Wirral,Merseyside,CH46 1RB,,1516777825,Mrs,Shelagh,Potter,20
136932,Bexley,303,2020,Willow Bank Primary School,Academy sponsor led,Open,01/09/2011,,Primary,4,11,No boarders,Not applicable,Not applicable,Mixed,Does not apply,None,Not applicable,Not applicable,Supported by a multi-academy trust,Learning in Harmony Multi Academy Trust,Linked to a sponsor,The Woodland Academy Trust,Not applicable,,10035005,Not applicable,Seacourt Road,Thamesmead,,London,,SE2 9XB,www.woodlandacademytrust.co.uk,2083201900,Mr,Brian,Simber,64
136281,Bromley,305,5406,Kemnal Technology College,Academy converter,Open,01/09/2010,,Secondary,11,18,No boarders,Not applicable,Has a sixth form,Boys,None,Does not apply,Not applicable,Comprehensive (secondary),Supported by a multi-academy trust,Learning in Harmony Multi Academy Trust,Linked to a sponsor,The Kemnal Academies Trust,Not applicable,,10031350,Not applicable,Sevenoaks Way,,,Sidcup,Kent,DA14 5AA,http://www.ktc-tkat.org,2083007112,Mr,Rob,Pett,81
139749,Worcestershire,885,2078,Honeybourne First School,Academy converter,Open,01/06/2013,,Primary,5,11,No boarders,Has Nursery Classes,Does not have a sixth form,Mixed,Does not apply,Does not apply,Not applicable,Not applicable,Supported by a single-academy trust,Learning in Harmony Multi Academy Trust,-,,Not applicable,,10041410,Not applicable,School Street,Honeybourne,,Evesham,Worcestershire,WR11 7PJ,www.honeybourneacademyschool.co.uk,1386830462,Mrs,Elaine,Huntington,45
136628,Nottinghamshire,891,4328,The West Bridgford School,Academy converter,Open,01/04/2011,,Secondary,11,18,No boarders,Not applicable,Has a sixth form,Mixed,None,Does not apply,Not applicable,Comprehensive (secondary),Supported by a multi-academy trust,East Midlands Education Trust,-,,Not applicable,,10033343,Not applicable,Loughborough Road,West Bridgford,,Nottingham,Nottinghamshire,NG2 7FA,http://www.wbs.school,1159744488,Mr,Robert,McDonough,74
139254,Kent,886,2019,Chantry Community Academy,Academy sponsor led,Open,01/06/2013,,Primary,3,11,No boarders,Has Nursery Classes,Does not have a sixth form,Mixed,Does not apply,None,Not applicable,Not applicable,Supported by a multi-academy trust,East Midlands Education Trust,Linked to a sponsor,Greenacre Academy Trust,Not applicable,,10040148,Not applicable,Ordnance Road,,,Gravesend,Kent,DA12 2RL,http://greenacreacademytrust.co.uk/chantry/,1474350011,Mrs,Kathryn,Duncan,46
140252,Milton Keynes,826,1109,Bridge Academy,Academy alternative provision converter,Open,01/10/2013,,Not applicable,11,16,Not applicable,Not applicable,Not applicable,Mixed,Does not apply,None,Not applicable,Not applicable,Supported by a multi-academy trust,East Midlands Education Trust,Linked to a sponsor,Stephenson Trust,Not applicable,,10043467,Not applicable,Crosslands,Stantonbury,,Milton Keynes,Buckinghamshire,MK14 6AX,,1908889400,Dr,Neil,Barrett,4
140841,Croydon,306,2085,Rowdown Primary School,Academy sponsor led,Open,01/06/2014,,Primary,3,11,No boarders,Has Nursery Classes,Does not have a sixth form,Mixed,Does not apply,None,Not applicable,Not applicable,Supported by a multi-academy trust,East Midlands Education Trust,Linked to a sponsor,Fairchildes Primary School,Not applicable,,10045834,Not applicable,Calley Down Crescent,New Addington,,Croydon,Surrey,CR0 0EG,www.rowdown.croydon.sch.uk/,1689843367,Mrs,Katy,Doe,86
136887,Cambridgeshire,873,4029,Chesterton Community College,Academy converter,Open,01/07/2011,,Secondary,11,16,No boarders,Not applicable,Does not have a sixth form,Mixed,Does not apply,Does not apply,Not applicable,Comprehensive (secondary),Supported by a multi-academy trust,East Midlands Education Trust,-,,Not applicable,,10034163,Not applicable,Gilbert Road,,,Cambridge,Cambridgeshire,CB4 3NY,http://chestertoncc.net/,1223712150,Mrs,Lucy,Scott,56
141328,Essex,881,4015,Forest Hall School,Academy sponsor led,Open,01/02/2015,,Secondary,11,16,No boarders,No Nursery Classes,Does not have a sixth form,Mixed,Does not apply,None,Not applicable,Comprehensive (secondary),Supported by a multi-academy trust,East Midlands Education Trust,Linked to a sponsor,Burnt Mill Academy Trust,Not applicable,,10047446,Not applicable,Forest Hall Road,,,Stansted Mountfitchet,Essex,CM24 8TZ,http://www.fhs.essex.sch.uk/,1279813384,Mr,Stephen,Hehir,77
144497,Kent,886,4018,SchoolsCompany The Goodwin Academy,Academy sponsor led,Open,01/07/2016,,Secondary,11,18,Not applicable,Not applicable,Has a sixth form,Mixed,None,Does not apply,,,Supported by a multi-academy trust,East Midlands Education Trust,-,,Not applicable,,10063169,,Mill Road,,,Deal,Kent,CT14 9BD,www.goodwinacademy.org.uk,1304403103,Mr,Simon,Smith,10
136899,Hertfordshire,919,5404,Parmiter's School,Academy converter,Open,01/07/2011,,Secondary,11,18,No boarders,Not applicable,Has a sixth form,Mixed,None,Does not apply,Not applicable,Comprehensive (secondary),Supported by a single-academy trust,East Midlands Education Trust,-,,Not applicable,,10034176,Not applicable,High Elms Lane,Garston,,Watford,Hertfordshire,WD25 0UU,http://www.parmiters.herts.sch.uk,1923671424,Mr,Nick,Daymond,16
140325,Portsmouth,851,7471,Mary Rose School,Academy special converter,Open,01/11/2013,,Not applicable,2,19,No boarders,Has Nursery Classes,Has a sixth form,Mixed,Does not apply,None,Not applicable,Not applicable,Supported by a multi-academy trust,East Midlands Education Trust,Linked to a sponsor,Mary Rose School,Not applicable,,10043918,Not applicable,Gisors Road,Southsea,,Portsmouth,Hampshire,PO4 8GT,,2392852330,,Alison,Beane,38
141397,Nottingham,892,2014,Brocklewood Primary and Nursery School,Academy sponsor led,Open,01/01/2015,,Primary,3,11,No boarders,Has Nursery Classes,Does not have a sixth form,Mixed,Does not apply,None,Not applicable,Not applicable,Supported by a multi-academy trust,East Midlands Education Trust,Linked to a sponsor,Transform Trust,Not applicable,,10047533,Not applicable,Fircroft Avenue,Bilborough,,Nottingham,Nottinghamshire,NG8 3AL,www.brocklewoodprimaryschool.co.uk,1159155731,Mrs,Heather,Tarrant,81
141720,Kingston upon Hull City of,810,2660,Stockwell Academy,Academy converter,Open,01/02/2015,,Primary,3,11,No boarders,Has Nursery Classes,Does not have a sixth form,Mixed,Does not apply,Does not apply,Not applicable,Not applicable,Supported by a multi-academy trust,East Midlands Education Trust,Linked to a sponsor,Diocese of York Educational Trust,Not applicable,,10048694,Not applicable,Dodswell Grove,Greatfield Estate,,Hull,East Yorkshire,HU9 5HY,www.stockwell.hull.sch.uk/,1482782122,Mr,Christy,Coulter,5
144062,Cornwall,908,2625,Warbstow Community School,Academy converter,Open,01/04/2017,,Primary,2,11,No boarders,Has Nursery Classes,Does not have a sixth form,Mixed,Does not apply,Does not apply,Not applicable,Not applicable,Supported by a multi-academy trust,ASPIRE Academy Trust,-,,Not applicable,,10063082,Not applicable,Warbstow,,,Launceston,Cornwall,PL15 8UP,www.warbstow.cornwall.sch.uk,1566781388,Mrs,Dominique,Dyer,78
142579,Somerset,933,2021,Nunney First School,Academy sponsor led,Open,01/06/2016,,Primary,5,9,No boarders,No Nursery Classes,Does not have a sixth form,Mixed,Does not apply,Does not apply,Not applicable,Not applicable,Supported by a multi-academy trust,ASPIRE Academy Trust,Linked to a sponsor,The Partnership Trust,Not applicable,,10055389,,Catch Road,Nunney,,Frome,Somerset,BA11 4NE,nunneyfirstschool.co.uk,1373836429,Miss,Susan,Heal,56
137532,Hertfordshire,919,5415,Goffs School,Academy converter,Open,01/10/2011,,Secondary,11,18,No boarders,Not applicable,Has a sixth form,Mixed,None,Does not apply,Not applicable,Comprehensive (secondary),Supported by a multi-academy trust,ASPIRE Academy Trust,-,,Not applicable,,10035495,Not applicable,Goffs Lane,Cheshunt,,Waltham Cross,Hertfordshire,EN7 5QW,http://www.goffs.herts.sch.uk/,1992424200,Ms,Alison,Garner,83
137108,Essex,881,2578,Lee Chapel Primary School,Academy converter,Open,01/08/2011,,Primary,2,11,No boarders,Has Nursery Classes,Not applicable,Mixed,Does not apply,Does not apply,Not applicable,Not applicable,Supported by a multi-academy trust,ASPIRE Academy Trust,Linked to a sponsor,Lee Chapel Academy Trust,Not applicable,,10034677,Not applicable,The Knares,,,Basildon,Essex,SS16 5RU,www.leechapel.essex.sch.uk,1268474177,Mrs,Sue,Jackson,40
140417,Stockport,356,2010,St Matthew's Church of England Primary School,Academy sponsor led,Open,01/01/2014,,Primary,3,11,No boarders,Has Nursery Classes,Does not have a sixth form,Mixed,Church of England,Church of England,Diocese of Chester,Not applicable,Supported by a multi-academy trust,ASPIRE Academy Trust,Linked to a sponsor,Diocese of Chester,Not applicable,,10044326,Not applicable,Bowdon Street,Edgeley,,Stockport,Cheshire,SK3 9EA,www.cdatstmatthewsprimary.co.uk/,1614747110,Mrs,Jacqueline,Band,45
136308,Barnet,302,5406,Ashmole Academy,Academy converter,Open,01/10/2010,,Secondary,11,18,No boarders,Not applicable,Has a sixth form,Mixed,None,Does not apply,Not applicable,Comprehensive (secondary),Supported by a multi-academy trust,ASPIRE Academy Trust,-,,Not applicable,,10031563,Not applicable,Cecil Road,Southgate,,London,,N14 5RJ,http://www.ashmoleacademy.org,2083612703,Mr,Derrick,Brown,19
138889,Birmingham,330,2073,Kings Rise Academy,Academy sponsor led,Open,01/11/2012,,Primary,3,11,,Has Nursery Classes,Not applicable,Mixed,None,None,Not applicable,Not applicable,Supported by a multi-academy trust,ASPIRE Academy Trust,Linked to a sponsor,The Elliot Foundation Academies Trust,Not applicable,,10039413,Not applicable,Hornsey Road,Kingstanding,,Birmingham,West Midlands,B44 0JL,www.kingrise.bham.sch.uk,1214644635,,Louise,Noonan,31
138342,Windsor and Maidenhead,868,4506,Altwood CofE Secondary School,Academy converter,Open,01/07/2012,,Secondary,11,18,No boarders,No Nursery Classes,Has a sixth form,Mixed,Church of England,Does not apply,Diocese of Oxford,Comprehensive (secondary),Supported by a single-academy trust,ASPIRE Academy Trust,-,,Not applicable,,10037631,Not applicable,Altwood Road,,,Maidenhead,Berkshire,SL6 4PU,http://www.altwoodschool.co.uk,1628622236,Mr,Neil,Dimbleby,4
140293,Oxfordshire,931,3239,Shrivenham Church of England Controlled School,Academy converter,Open,01/11/2013,,Primary,4,11,No boarders,No Nursery Classes,Does not have a sixth form,Mixed,Church of England,Does not apply,Diocese of Oxford,Not applicable,Supported by a multi-academy trust,ASPIRE Academy Trust,-,,Not applicable,,10043961,Not applicable,High Street,Shrivenham,,Swindon,Wiltshire,SN6 8AA,www.shrivenhamschool.co.uk/,1793782406,Mrs,Jude,Scutt,62
140558,Wakefield,384,2012,"St Joseph's Catholic Primary School, Moorthorpe",Academy sponsor led,Open,01/02/2014,,Primary,3,11,No boarders,Has Nursery Classes,Does not have a sixth form,Mixed,Roman Catholic,None,Diocese of Leeds (rc),,Supported by a multi-academy trust,ASPIRE Academy Trust,Linked to a sponsor,Bishop Konstant Catholic Academy Trust,Not applicable,,10044575,Not applicable,Barnsley Road,Moorthorpe,,Pontefract,West Yorkshire,WF9 2BP,www.st-josephs-moorthorpe.wakefield.sch.uk/,1977651755,,Lesley,Darren,62
139717,Somerset,933,2007,Hamp Academy,Academy sponsor led,Open,01/09/2013,,Primary,7,11,No boarders,No Nursery Classes,Does not have a sixth form,Mixed,Does not apply,None,Not applicable,Not applicable,Supported by a multi-academy trust,ASPIRE Academy Trust,Linked to a sponsor,Bridgwater College Trust,Not applicable,,10041995,Not applicable,Rhode Lane,,,Bridgwater,Somerset,TA6 6JB,www.hampacademy.co.uk,1278424600,Mr,David,Adfield,45